Nazwa,Ticker,Wartość księgowa na akcję,Cena/WK,Zysk na akcję,Cena/Zysk,Przychody ze sprzedaży na akcję,Cena/Przychód,Zysk operacyjny,Cena/Zysk operacyjny,Wartość księgowa Grahama na akcję,Cena/Wartość księgowa Grahama,Wartość przedsiębiorstwa na akcję,Wartość przedsiębiorstwa/Przychody,Wartość przedsiębiorstwa/EBITDA,Wartość przedsiębiorstwa/EBIT,ROE,ROA,Marża zysku operacyjnego,Marża zysku netto,Marża zysku ze sprzedaży,Marża zysku brutto,Marża zysku brutto ze sprzedaży,Rentowność operacyjna aktywów,Zadłużenie ogólne,Zadłużenie kapitału własnego,Zadłużenie długoterminowe,Zadłużenie środków trwałych,Pokrycie aktywów trwałych kapitałami stałymi,Trwałość struktury finansowania,Zastosowanie kapitału obcego,Wskaźnik ogólnej sytuacji finansowej,Zadłużenie netto,Zadłużenie netto / EBITDA,Zadłużenie finansowe netto,Zadłużenie finansowe netto / EBITDA
06MAGNA,06N,7.04,0.4,0.06,47.78,1.54,1.85,-0.24,,3.9,0.73,2.46,1.6,40.94,-10.37,0.85,0.75,-15.42,3.87,-16.05,1.72,35.31,-3.01,0.07,0.08,0.0,4.04,2.05,0.9,0.12,0.25,-47035000,-56.19,-5339000.0,-6.38
11BIT,11-BIT-STUDIOS,92.5,2.13,0.88,224.41,59.04,3.34,-1.73,,20.09,9.8,170.52,2.89,21.35,-98.7,0.95,0.83,-2.93,1.49,45.09,-1.47,,-1.64,0.12,0.14,0.02,6.14,1.3,0.89,0.4,0.51,-37838000,-1.96,-64009000.0,-3.32
3RGAMES,3RG,0.23,2.77,-0.01,,0.04,16.97,-0.01,,0.03,20.66,0.62,16.76,-66.92,-66.92,-3.96,-3.84,-25.05,-24.24,-14.58,-24.24,,-3.97,0.03,0.03,,,,,0.19,0.22,-42000,0.06,-603000.0,0.82
4MASS,4MS,2.95,2.1,0.65,9.56,5.18,1.2,0.78,7.92,1.68,3.7,6.26,1.21,6.65,7.99,22.01,16.73,15.15,12.55,16.27,13.95,,20.21,0.19,0.25,0.1,4.68,2.35,0.84,0.3,0.61,10251000,0.45,1281000.0,0.06
ALTA,AAT,13.61,0.16,0.11,18.83,0.03,64.24,0.11,18.96,0.19,11.42,2.2,66.11,19.26,19.51,0.83,0.83,338.77,341.07,-599.62,341.07,,0.82,0.01,0.01,0.0,5.67,1.01,0.99,0.45,0.46,1779000,1.0,972000.0,0.54
ABPL,ABE,89.07,1.26,10.5,10.67,917.46,0.12,16.8,6.67,68.34,1.64,114.88,0.13,6.32,6.84,11.78,4.58,1.83,1.14,1.8,1.46,3.94,7.33,0.61,1.58,0.12,0.88,4.82,0.44,0.67,2.89,2082030000,7.08,46553000.0,0.16
ACAUTOGAZ,ACG,16.48,1.97,2.82,11.51,24.86,1.3,3.26,9.93,8.29,3.91,32.04,1.29,7.02,9.82,17.08,11.55,13.13,11.33,13.47,12.42,33.13,13.39,0.25,0.37,0.0,255.73,1.83,0.68,0.42,0.7,51144000,1.22,-3321000.0,-0.08
ACTION,ACTION,22.99,0.86,1.99,9.98,156.14,0.13,2.24,8.86,14.38,1.38,18.46,0.12,6.58,8.23,8.67,5.03,1.44,1.28,1.27,1.53,8.51,5.66,0.42,0.72,0.11,2.98,2.95,0.64,0.54,1.42,246948000,5.33,-23432000.0,-0.51
ADIUVO,ADIUVO-INVESTMENT,-2.49,,-0.08,,0.03,35.39,-0.06,,-2.9,,3.12,90.24,-65.21,-50.0,3.28,-11.56,-180.48,-235.53,-237.72,89.04,,-8.86,4.68,-1.33,-0.04,0.18,-7.91,-3.38,8.17,-67.53,43323000,-68.66,25011000.0,-39.64
AGORA,AGORA,14.67,0.7,0.13,78.45,31.0,0.33,1.68,6.11,-19.52,,25.97,0.84,4.67,15.49,0.89,0.3,5.41,0.42,4.87,1.68,36.0,3.91,0.65,1.91,1.13,1.1,0.91,0.73,3.3,1.41,1160635000,4.48,732676000.0,2.83
AGROTON,AGROTON,18.06,0.55,0.97,10.34,14.32,0.7,2.35,4.25,1.69,5.93,16.1,1.12,4.67,6.84,5.35,3.61,16.44,6.75,10.25,8.19,18.88,8.8,0.32,0.48,0.38,0.7,1.52,0.93,0.84,0.92,157118724,2.11,132104952.0,1.77
AIRWAY,AIRWAY-MEDIX,-0.34,,-0.15,,0.0,1706.07,-0.08,,-0.35,,0.56,3462.32,-6.86,-6.76,44.56,-447.06,-51216.67,-94291.67,-39866.67,-94291.67,,-242.83,11.03,-1.1,-0.39,0.01,-26.62,-6.15,14.35,-622.72,27686000,-4.57,21075000.0,-3.48
ALLEGRO,ALE,9.85,3.17,1.03,30.33,10.35,3.02,1.76,17.79,-3.62,,33.69,3.25,12.3,19.17,10.47,5.55,16.98,9.96,21.38,13.87,,9.46,0.47,0.89,0.66,0.15,1.21,0.88,1.71,1.25,5127657000,1.77,2563028000.0,0.89
AIGAMES,ALG,-0.09,,0.0,425.13,0.03,36.4,-0.02,,-0.26,,1.16,38.93,-67.09,-48.91,-2.86,0.82,-79.59,8.56,-83.98,-29.46,99.65,-7.66,1.12,-3.89,-0.82,0.06,-0.07,-0.05,4.06,-1.62,26272000,-20.09,5697000.0,-4.36
ALIOR,ALIOR-BANK,90.72,1.32,17.95,6.67,64.09,1.87,23.53,5.09,,,,,,,19.79,2.43,36.71,28.01,,,,3.18,0.88,7.16,,,,,,,57197611000,17.13,,
AILLERON,ALL,8.1,2.86,1.78,13.04,48.06,0.48,5.43,4.26,-11.5,,36.12,0.75,4.92,6.65,21.92,3.62,11.3,3.69,10.72,9.47,27.73,11.07,0.58,3.49,2.17,0.2,0.79,0.52,1.69,0.42,265355000,2.93,160282000.0,1.77
ALTUS,ALTUS,3.38,0.65,0.35,6.23,1.21,1.82,0.29,7.5,3.64,0.6,1.99,1.65,6.06,6.79,10.45,8.24,24.32,29.26,20.17,39.93,,6.84,0.11,0.14,0.02,1.37,19.41,0.8,0.11,2.16,-125626000,-9.34,-8543000.0,-0.64
AMBRA,AMBRA,16.77,1.29,1.95,11.07,35.46,0.61,3.63,5.95,6.63,3.26,23.89,0.67,4.92,6.58,11.64,6.23,10.24,5.51,9.98,9.37,17.08,11.59,0.36,0.67,0.16,3.09,1.44,0.62,0.63,0.78,248471000,2.03,57735000.0,0.47
AMICA,AMICA,133.02,0.5,0.44,151.62,323.09,0.21,7.72,8.59,27.3,2.43,82.99,0.26,5.32,10.76,0.33,0.18,2.39,0.14,1.59,0.88,26.71,3.13,0.46,0.86,0.12,4.25,1.41,0.6,0.81,1.01,773900000,6.39,129800000.0,1.07
ANSWEAR,ANR,11.97,1.99,-0.11,,82.85,0.29,0.93,25.62,0.45,53.32,41.0,0.49,19.02,44.13,-0.92,-0.23,1.12,-0.13,1.78,-0.09,,1.91,0.75,3.06,0.59,1.08,1.65,0.39,0.99,1.03,669692000,16.37,326388000.0,7.98
APATOR,APATOR,18.42,0.98,2.24,8.06,37.22,0.49,2.59,6.98,3.28,5.5,21.6,0.58,4.85,8.35,12.16,7.42,6.95,6.02,8.55,6.8,26.29,8.57,0.39,0.63,0.1,4.31,1.33,0.67,0.78,0.95,356154000,2.45,115691000.0,0.8
APLISENS,APLISENS,20.34,0.98,1.56,12.7,13.3,1.49,1.92,10.35,10.22,1.94,18.94,1.42,6.93,9.87,7.68,7.14,14.42,11.75,14.48,14.85,36.17,8.76,0.05,0.05,0.01,67.36,1.93,0.93,0.09,0.18,-9518000,-0.31,-10149000.0,-0.33
AUTOPARTN,APR,9.75,1.85,1.58,11.36,32.09,0.56,2.22,8.12,6.05,2.98,21.52,0.67,8.14,9.7,16.25,9.77,6.91,4.94,7.07,6.14,27.18,13.68,0.4,0.66,0.36,0.97,3.58,0.82,0.52,1.36,780683000,2.26,459913000.0,1.33
APSENERGY,APS-ENERGIA,0.53,5.69,-1.11,,3.38,0.89,-0.47,,-0.91,,3.75,1.11,-9.75,-7.91,-211.99,-37.08,-14.05,-33.01,-2.49,-35.91,29.69,-15.78,0.83,4.72,0.57,3.45,0.58,0.28,1.58,0.58,68297000,-6.3,21416000.0,-1.98
ARCTIC,ARCTIC-PAPER,21.17,0.74,0.85,18.56,47.51,0.33,1.31,11.97,3.01,5.22,17.78,0.37,5.87,13.57,3.99,2.04,2.76,1.78,0.73,2.03,14.93,3.17,0.38,0.74,0.16,6.16,1.09,0.6,0.84,0.78,859152000,4.09,145098000.0,0.69
ARCHICOM,ARH,20.91,2.06,0.24,177.24,8.37,5.13,0.9,47.91,6.66,6.46,57.75,6.9,55.26,64.35,1.16,0.45,10.72,2.9,3.82,9.48,39.43,1.68,0.61,1.55,0.7,0.04,2.5,0.67,0.83,1.22,1789334000,29.27,863050000.0,14.12
ARTIFEX,ARTIFEX,9.75,1.63,2.39,6.63,8.6,1.84,2.43,6.51,8.45,1.88,15.84,1.84,6.12,6.51,24.51,20.28,28.31,27.79,28.35,30.37,88.45,20.66,0.17,0.21,0.05,1.37,7.87,0.87,0.19,1.45,-4870000,-0.16,-99000.0,-0.0
ASBIS,ASBISC,21.5,1.2,3.44,7.51,216.41,0.12,6.19,4.18,15.13,1.71,40.74,0.19,5.99,6.58,16.0,4.56,2.86,1.59,2.86,1.9,7.68,8.2,0.72,2.51,0.08,2.93,3.66,0.31,0.78,2.64,2617483605,6.94,826979522.0,2.19
ASSECOBS,ASSECO-BUSINESS-SOLUTIONS,12.48,5.56,3.57,19.42,13.08,5.31,3.82,18.16,0.61,113.99,68.98,5.27,13.73,18.05,28.63,22.37,29.21,27.32,29.07,29.21,43.24,23.92,0.22,0.28,0.1,2.15,1.16,0.86,0.85,0.89,51460000,0.31,-13981000.0,-0.08
ASSECOPOL,ASSECO-POLAND,66.63,2.37,6.4,24.7,210.35,0.75,22.19,7.12,-14.87,,167.03,0.79,5.18,7.53,9.6,2.67,10.55,3.04,10.55,9.95,23.03,9.28,0.52,1.88,0.65,0.5,0.86,0.46,1.13,0.59,7319900000,2.73,749400000.0,0.28
ASSECOSEE,ASSECO-SOUTH-EASTERN-EUROPE,20.56,2.91,3.62,16.5,33.56,1.78,4.4,13.59,-5.45,,67.88,2.02,10.7,15.42,17.62,8.31,13.12,10.8,12.93,13.84,25.77,10.09,0.52,1.11,0.52,0.45,1.2,0.72,1.31,1.03,879352000,2.67,419189000.0,1.27
ASTARTA,ASTARTA,91.31,0.58,13.83,3.84,97.42,0.55,18.48,2.87,24.83,2.14,72.69,0.75,2.7,3.93,15.15,11.16,18.97,14.2,20.94,15.1,38.05,14.91,0.26,0.36,0.23,2.82,1.69,0.91,0.57,0.78,652320217,0.97,489696208.0,0.73
ATAL,ATAL,40.64,1.43,5.0,11.63,28.54,2.04,5.83,9.96,36.12,1.61,82.08,2.88,13.83,14.07,12.3,5.05,20.44,17.51,20.23,21.65,24.95,5.89,0.59,1.44,0.56,0.01,14.05,0.64,0.62,5.55,2395869000,9.34,1036182000.0,4.04
ATENDE,ATENDE,2.05,1.37,0.01,516.56,10.12,0.28,-0.23,,-0.32,,3.02,0.3,36.05,-13.11,0.26,0.09,-2.28,0.05,-1.73,-2.89,14.48,-3.83,0.69,2.04,0.41,0.88,1.33,0.48,1.08,1.02,132507000,43.54,7933000.0,2.61
ATLANTAPL,ATLANTA-POLAND,19.31,0.96,2.66,6.94,82.1,0.23,4.37,4.23,11.13,1.66,26.34,0.32,5.08,6.02,13.8,5.92,5.33,3.25,5.06,4.13,16.32,9.71,0.57,1.33,0.14,2.83,2.7,0.49,0.7,1.65,149488000,4.74,47763000.0,1.51
ATMGRUPA,ATM-GRUPA,3.72,1.06,0.28,14.17,2.94,1.33,0.41,9.55,0.67,5.84,4.12,1.4,5.59,10.04,7.44,5.19,13.95,9.4,13.25,12.84,20.43,7.7,0.3,0.43,0.14,3.97,1.39,0.8,0.7,0.86,72575000,1.17,16922000.0,0.27
ATREM,ATREM,6.08,4.41,2.03,13.21,21.46,1.25,2.49,10.77,1.02,26.32,28.12,1.31,10.29,11.3,33.37,12.19,11.6,9.46,11.09,12.1,19.15,14.95,0.63,1.74,0.15,1.36,1.38,0.42,0.91,1.1,39928000,1.58,12172000.0,0.48
ATLANTIS,ATS,2.08,,0.0,,0.12,,0.12,,2.08,,,,,,0.05,0.05,96.56,0.79,85.2,0.79,100.0,5.73,0.0,0.0,,,,,0.0,,-20882008,-17.26,-4279.0,-0.0
GRUPAAZOTY,ATT,45.69,0.45,-10.3,,135.75,0.15,-9.12,,-131.61,,104.67,0.77,457.23,-11.48,-22.53,-4.06,-6.72,-7.58,-9.95,-7.63,5.27,-3.59,0.8,4.47,0.69,5.12,0.42,0.3,2.82,0.71,18014062000,793.29,8341423000.0,367.33
BRAND24,B24,5.55,9.74,0.31,176.63,16.46,3.28,-0.14,,-1.67,,52.34,3.18,30.01,-370.78,5.51,2.51,-0.86,1.86,-2.18,0.1,50.13,-1.16,0.54,1.2,0.37,1.01,1.05,0.62,1.34,1.03,6914000,1.75,-3755000.0,-0.95
HANDLOWY,BANK-HANDLOWY,79.27,1.47,13.33,8.73,39.07,2.98,17.54,6.64,,,,,,,16.81,2.26,44.9,34.11,,,,2.97,0.87,6.45,,,,,,,24986252000,10.43,,
MILLENNIUM,BANK-MILLENNIUM,6.6,2.14,0.63,22.28,8.22,1.72,0.88,16.13,,,,,,,9.61,0.54,10.67,7.73,,,,0.74,0.94,16.82,,,,,,,70224886000,54.35,,
BOS,BANK-OCHRONY-SRODOWISKA,24.32,0.49,0.49,24.45,17.48,0.69,0.97,12.36,,,,,,,2.02,0.2,5.55,2.81,,,,0.39,0.9,9.34,,,,,,,8851077000,51.61,,
BBIDEV,BBI-DEVELOPMENT,16.24,0.36,0.26,22.45,1.7,3.42,0.58,9.98,-6.64,,13.11,7.72,22.55,22.55,1.59,1.01,34.24,15.22,-29.48,9.96,28.73,2.28,0.35,0.55,0.34,0.08,0.95,0.85,3.88,2.72,79205000,13.45,74038000.0,12.57
BOOMBIT,BBT,5.4,1.43,0.26,30.16,15.74,0.49,0.75,10.26,-0.23,,6.79,0.43,3.28,9.05,4.73,2.91,4.77,1.62,5.37,1.81,12.42,8.57,0.38,0.62,0.15,0.13,1.1,0.71,1.07,1.03,32369000,1.15,-12361000.0,-0.44
BIGCHEESE,BCS,5.14,2.54,0.95,13.7,3.12,4.18,1.05,12.42,4.78,2.73,11.74,3.76,10.2,11.17,18.51,16.34,33.64,30.48,34.42,32.95,,18.04,0.12,0.13,0.02,1.88,14.72,0.9,0.12,1.79,-3312000,-0.7,-5388000.0,-1.13
BIOCELTIX,BCX,7.03,14.0,-2.94,,0.0,,-2.98,,6.49,15.16,91.82,,-32.29,-30.86,-41.84,-36.85,,,,,,-37.27,0.11,0.12,0.0,15.58,11.55,0.89,0.12,1.35,-28275000,2.02,-32403000.0,2.31
BENEFIT,BENEFIT-SYSTEMS,417.82,6.9,138.27,20.87,1184.4,2.44,202.2,14.27,-555.2,,3291.33,2.78,10.1,16.28,33.09,9.26,17.07,11.67,17.49,15.94,35.48,13.54,0.72,2.57,1.8,0.82,1.2,0.78,2.07,0.89,1959221000,2.01,1217247000.0,1.25
BEST,BEST,39.47,0.68,3.86,7.0,17.86,1.51,7.45,3.62,31.66,0.85,60.28,3.37,7.62,8.09,9.78,4.56,41.71,21.6,41.71,21.74,,8.8,0.53,1.15,0.78,0.04,9.0,0.83,0.59,2.97,900478000,5.03,753910000.0,4.21
BETACOM,BETACOM,4.96,0.83,0.39,10.58,47.17,0.09,0.48,8.6,0.52,7.86,0.26,0.01,0.18,0.54,7.81,2.31,1.01,0.82,1.26,1.1,13.99,2.84,0.7,2.37,0.4,0.21,1.53,0.41,0.96,1.04,30301000,5.26,-15531000.0,-2.7
BIOPLANET,BIO-PLANET,9.35,1.96,1.04,17.52,94.7,0.19,1.84,9.95,-7.52,,18.26,0.19,6.38,9.93,11.16,2.74,1.94,1.1,2.06,1.32,,4.82,0.73,2.98,0.62,2.79,0.9,0.4,1.37,0.72,83407000,9.72,-126000.0,-0.01
BIOMAXIMA,BIOMAXIMA,11.41,1.11,0.21,60.93,13.5,0.94,0.47,27.28,-0.6,,16.26,1.2,12.62,34.94,1.83,1.1,3.45,1.54,1.83,1.3,,2.46,0.4,0.66,0.24,4.37,1.18,0.75,1.09,1.03,31091000,5.76,14943000.0,2.77
BIOTON,BIOTON,6.81,0.54,-0.19,,2.75,1.33,-0.05,,-0.58,,4.21,1.53,11.13,-82.53,-2.81,-2.14,-1.86,-6.96,-2.24,-5.37,28.63,-0.57,0.24,0.31,0.1,5.12,1.01,0.84,1.37,1.26,181166000,5.58,47043000.0,1.45
BLOOBER,BLOOBER-TEAM,6.59,4.47,0.52,56.35,3.92,7.51,0.6,49.12,-1.23,,29.33,7.48,22.02,48.93,7.92,5.16,15.29,13.33,-0.02,13.9,29.06,5.92,0.34,0.52,0.11,1.06,0.92,0.72,1.56,1.3,43571000,1.69,-2281000.0,-0.09
BNPPPL,BNP,109.51,1.0,16.98,6.48,79.73,1.38,21.7,5.07,,,,,,,15.5,1.52,27.21,21.29,,,,1.94,0.9,9.2,,,,,,,86821203000,23.32,,
BOGDANKA,BOGDANKA,87.58,0.24,-36.78,,109.31,0.19,-45.85,,19.9,1.06,-3.79,-0.03,0.11,0.08,-42.0,-30.18,-41.95,-33.65,19.8,-41.33,26.6,-37.62,0.28,0.39,0.17,3.89,1.5,0.84,0.63,0.81,80763000,-0.07,-843258000.0,0.69
BORYSZEW,BORYSZEW,6.56,0.57,0.46,8.2,21.27,0.18,0.78,4.82,-1.27,,7.1,0.33,4.91,9.12,6.98,2.95,3.66,2.15,-0.37,1.97,7.38,5.01,0.57,1.34,0.36,2.74,1.11,0.57,1.17,0.96,1869071000,5.39,803132000.0,2.31
BOWIM,BOWIM,15.61,0.35,-0.82,,92.33,0.06,0.01,401.47,6.22,0.87,5.13,0.06,10.35,382.12,-5.27,-2.8,0.01,-0.89,-0.56,-1.04,,0.05,0.46,0.86,0.12,3.44,1.78,0.59,0.68,1.09,241062000,24.91,-5069000.0,-0.52
BUDIMEX,BUDIMEX,52.7,10.73,23.94,23.63,357.03,1.58,28.97,19.52,-30.07,,460.48,1.29,13.04,15.89,45.42,7.93,8.12,6.7,7.67,8.95,12.72,9.6,0.82,4.69,0.76,0.98,1.1,0.31,1.14,0.71,3331217000,3.7,-2681093000.0,-2.98
BUMECH,BUMECH,-29.0,,-77.61,,23.71,0.34,-32.55,,-43.74,,41.09,1.73,-1.36,-1.26,267.64,-259.21,-137.27,-327.25,-32.95,-265.35,-16.68,-108.74,1.97,-2.03,-0.78,0.6,-0.43,-0.21,3.88,-7.63,838968000,-1.92,477774000.0,-1.09
CAPITEA,CAP,1.86,0.25,0.73,0.62,1.65,0.28,0.86,0.53,1.54,0.3,-0.17,-0.1,-0.19,-0.2,39.35,14.81,51.82,44.31,50.69,44.5,,17.32,0.61,1.62,0.77,0.05,8.82,0.66,0.66,3.24,-145148000,-1.62,-63116000.0,-0.71
CAPITAL,CAPITAL-PARTNERS,0.05,3.23,-0.08,,0.0,,-0.08,,0.05,3.23,0.17,,-1.99,-1.99,-159.83,-131.92,,,,,,-134.04,0.17,0.21,,,,,0.17,,-439000,0.58,-3000.0,0.0
CASPAR,CASPAR-ASSET-MANAGEMENT,2.81,2.3,0.22,29.39,4.27,1.51,0.26,25.09,1.0,6.42,6.37,1.49,11.71,24.77,7.82,4.83,6.03,5.14,5.74,6.25,,5.65,0.26,0.42,,,,,0.54,0.64,-3583000,-0.67,-824000.0,-0.15
CAVATINA,CAV,46.51,0.32,0.32,46.91,7.24,2.08,3.17,4.76,-53.8,,94.29,13.02,27.51,29.74,0.69,0.23,43.78,4.44,23.35,4.89,50.33,2.24,0.67,2.04,1.53,0.04,1.17,0.83,2.3,1.07,2337683000,26.83,2013594000.0,23.11
CYBERFLKS,CBF,22.42,6.76,8.07,18.78,49.61,3.05,10.33,14.67,-51.08,,190.45,3.84,14.46,18.45,35.99,7.16,20.81,16.27,20.86,26.52,,9.16,0.61,3.05,2.2,0.12,0.75,0.64,3.94,0.93,783903000,4.2,552368000.0,2.96
CCC,CCC,33.31,6.53,14.42,15.08,150.83,1.44,15.98,13.61,-31.74,,269.48,1.79,10.85,16.86,43.3,10.31,10.59,9.56,9.85,9.15,50.11,11.43,0.76,3.19,1.09,1.34,1.06,0.5,1.43,0.73,6857400000,4.01,3579800000.0,2.09
CDPROJEKT,CD-PROJEKT,28.95,7.32,4.56,46.42,9.85,21.49,3.8,55.72,11.64,18.2,209.85,21.29,43.11,55.2,15.76,14.61,38.58,46.3,37.6,45.32,76.48,12.18,0.07,0.08,0.01,12.74,1.69,0.93,0.16,0.27,-948242000,-1.95,-195326000.0,-0.4
CDRL,CDL,15.02,0.84,1.9,6.65,43.94,0.29,-0.43,,4.14,3.04,18.05,0.41,11.91,-42.16,12.62,6.26,-0.97,4.31,-0.41,4.73,,-1.41,0.5,1.02,0.07,6.36,1.48,0.53,0.79,1.09,80534000,8.84,32795000.0,3.6
CEZ,CEZ,79.46,2.33,9.16,20.21,109.32,1.69,28.49,6.5,-123.29,,257.19,2.35,5.76,9.03,11.53,3.27,26.06,8.38,25.83,23.04,,10.16,0.7,2.48,1.78,1.26,1.07,0.79,2.66,1.03,88504345800,3.68,38786326800.0,1.61
CIGAMES,CI-GAMES,0.81,2.07,-0.03,,0.39,4.23,-0.02,,-0.33,,1.75,4.43,8.19,-72.39,-3.82,-2.42,-6.12,-7.81,-5.49,-6.65,27.6,-1.9,0.36,0.56,0.33,0.03,0.93,0.84,3.81,2.66,78948000,1.94,14778000.0,0.36
CLNPHARMA,CLNPHARMA,7.79,3.36,-0.81,,4.01,6.53,-0.7,,0.83,31.5,26.13,6.51,95.76,-37.34,-10.45,-8.42,-17.44,-20.29,-24.99,-22.67,,-7.23,0.2,0.24,0.07,10.34,1.2,0.86,0.69,0.78,49144000,3.34,-3573000.0,-0.24
CLOUD,CLOUD-TECHNOLOGIES,17.29,2.45,2.13,19.91,9.34,4.54,2.07,20.53,5.85,7.25,39.89,4.27,8.36,19.31,12.32,11.06,22.11,22.8,17.18,21.6,,10.72,0.1,0.11,0.04,2.54,1.57,0.93,0.25,0.38,-14272000,-0.6,-12563000.0,-0.53
COALENERG,COAL-ENERGY,-1.08,,-1.08,,0.11,9.59,0.06,16.47,-1.1,,1.03,9.73,25.16,16.72,99.65,-520.09,58.22,-1017.63,7.66,39.81,32.75,29.76,6.31,-1.21,,,,,6.35,-5964.59,57487692,31.16,698005.0,0.38
COGNOR,COGNOR,6.35,1.27,-0.43,,12.54,0.64,-0.28,,-3.21,,13.38,1.07,582.61,-47.21,-6.81,-2.65,-2.26,-3.45,-6.75,-4.42,1.9,-1.74,0.58,1.5,0.38,4.04,0.87,0.54,1.51,0.96,1506932000,382.66,914378000.0,232.19
COLUMBUS,COLUMBUS-CAPITAL,-1.4,,-0.61,,4.84,1.67,0.17,46.85,-8.64,,15.96,3.3,38.72,92.54,43.59,-6.12,3.56,-12.59,9.24,-8.98,,1.73,1.14,-8.11,-0.44,9.68,-0.11,-0.08,4.2,-0.81,762398000,26.89,541918000.0,19.12
COMP,COMP,98.66,1.88,9.18,20.14,203.32,0.91,16.7,11.08,-13.86,,204.26,1.0,7.33,12.23,9.31,5.17,8.21,4.52,8.78,6.67,32.1,9.39,0.44,0.79,0.24,0.55,1.08,0.69,1.22,1.06,300699000,2.39,87006000.0,0.69
COMPERIA,COMPERIA-PL,4.19,1.19,-1.76,,14.63,0.34,-1.98,,0.28,17.91,5.55,0.38,-5.32,-2.81,-41.96,-24.64,-13.53,-12.02,-9.77,-13.79,,-27.74,0.41,0.7,0.06,1.57,1.13,0.62,0.91,0.98,10156000,-2.75,1947000.0,-0.53
CORMAY,CORMAY,0.59,0.86,-0.05,,1.09,0.47,-0.04,,0.04,12.73,0.57,0.52,17.91,-15.93,-8.81,-5.06,-3.25,-4.79,-3.86,-4.84,37.62,-3.43,0.42,0.73,0.11,4.53,1.18,0.64,0.92,0.97,34485000,12.97,4341000.0,1.63
CELTIC,CPD,-0.25,,-0.22,,0.0,836.84,-0.22,,-0.25,,2.97,887.58,-13.73,-13.73,85.9,-457.75,-6466.67,-6500.0,-6486.67,-6506.67,100.0,-455.4,6.33,-1.19,,,,,6.33,,1229000,-1.27,761000.0,-0.78
COMPREMUM,CPR,3.85,0.3,-1.46,,1.57,0.74,-0.13,,1.11,1.06,4.46,2.84,-60.06,-34.46,-37.89,-13.53,-8.23,-92.74,-47.49,-40.5,-33.71,-1.2,0.64,1.8,0.6,0.36,2.22,0.57,0.86,1.2,309517000,-92.98,147495000.0,-44.31
CREOTECH,CRI,61.02,3.47,-6.61,,21.66,9.79,-8.2,,12.56,16.87,176.68,8.16,-40.49,-21.54,-10.83,-6.27,-37.87,-30.5,-34.31,-37.24,,-7.78,0.42,0.73,0.39,0.66,1.74,0.8,0.78,0.98,-493000,0.05,-84037000.0,8.09
CREEPYJAR,CRJ,161.94,2.18,25.14,14.04,46.1,7.66,22.78,15.5,114.69,3.08,303.94,6.59,12.42,13.34,15.52,14.8,49.4,54.52,50.8,61.06,,13.41,0.04,0.04,0.01,4.41,3.41,0.96,0.06,0.2,-75340000,-4.4,-34312000.0,-2.0
CITYSERV,CTS,4.01,1.33,0.97,5.51,15.09,0.35,1.21,4.42,-1.53,,8.44,0.56,5.71,6.98,24.21,7.44,8.01,6.44,7.58,7.1,26.49,9.26,0.69,2.25,0.86,0.12,1.34,0.57,1.2,0.87,247753822,5.3,97823766.0,2.09
CAPTORTX,CTX,9.85,3.96,-7.22,,2.53,15.39,-7.27,,8.36,4.66,36.83,14.53,-5.82,-5.06,-73.33,-53.59,-286.95,-285.11,-325.4,-285.11,67.1,-53.94,0.27,0.37,0.05,2.69,6.93,0.76,0.3,2.0,-41473000,1.19,-11936000.0,0.34
CYFRPLSAT,CYFROWY-POLSAT,25.32,0.6,0.96,15.76,22.5,0.67,2.7,5.6,-17.8,,34.03,1.51,5.75,12.63,3.79,1.68,11.98,4.26,12.31,6.47,,4.72,0.53,1.2,0.89,0.57,1.08,0.84,2.42,1.38,16894900000,4.46,12103300000.0,3.2
CZTOREBKA,CZERWONA-TOREBKA,1.33,0.35,-0.15,,0.15,3.07,-0.2,,0.56,0.83,0.12,0.82,-0.64,-0.63,-11.49,-4.68,-129.84,-101.08,-168.01,-167.2,7.45,-6.01,0.6,1.46,0.42,0.18,2.48,0.58,0.78,1.36,119329000,-8.26,-25530000.0,1.77
DADELO,DAD,10.36,2.23,1.11,20.8,26.5,0.87,1.48,15.66,6.72,3.44,30.48,1.15,15.59,20.66,10.71,4.61,5.57,4.19,5.89,5.18,31.8,6.12,0.57,1.33,0.07,4.04,3.05,0.46,0.67,1.91,155610000,6.82,86190000.0,3.78
DATAWALK,DAT,-0.84,,-5.25,,5.62,9.98,-5.33,,-6.1,,54.2,9.64,-11.48,-10.17,622.94,-50.58,-94.86,-93.4,-78.62,-95.79,,-51.37,1.08,-13.32,-0.19,0.81,-0.13,-0.07,2.19,-0.35,51191000,-1.92,-10682000.0,0.4
DBENERGY,DBE,7.4,1.87,-0.93,,7.99,1.73,-0.73,,5.04,2.74,20.66,2.58,-129.89,-28.27,-12.6,-4.63,-9.14,-11.66,-12.9,-13.14,,-3.63,0.63,1.72,0.87,0.06,5.87,0.69,0.72,2.25,41139000,-74.39,23852000.0,-43.13
DEBICA,DEBICA,102.15,0.82,13.51,6.2,196.48,0.43,13.86,6.05,38.4,2.18,82.91,0.42,3.98,5.98,13.22,7.91,7.05,6.88,3.51,8.55,4.41,8.12,0.35,0.58,0.0,192.28,1.53,0.6,0.61,0.85,306151000,1.07,-12316000.0,-0.04
DECORA,DECORA,35.37,1.98,7.45,9.39,58.09,1.21,9.69,7.22,9.97,7.02,72.99,1.26,6.07,7.53,21.08,15.06,16.69,12.83,18.06,16.28,42.11,19.58,0.29,0.4,0.17,3.58,1.63,0.84,0.59,0.82,105049000,0.83,31505000.0,0.25
DEKPOL,DEKPOL,78.39,0.68,12.22,4.39,166.9,0.32,16.87,3.18,37.28,1.44,70.26,0.42,3.71,4.16,15.58,5.84,10.11,7.32,11.03,9.21,19.82,8.06,0.62,1.64,0.7,0.34,3.09,0.64,0.78,1.41,729874000,4.61,139329000.0,0.88
DELKO,DELKO,12.58,0.57,0.43,16.82,67.26,0.11,0.75,9.56,0.04,185.59,13.34,0.2,6.1,17.72,3.4,1.52,1.12,0.64,1.33,0.9,,2.67,0.55,1.24,0.27,2.14,1.27,0.57,1.0,1.0,161001000,6.15,73443000.0,2.81
DGA,DGA,12.78,1.49,-1.3,,2.7,7.05,-2.95,,9.5,2.0,8.28,3.07,-2.89,-2.81,-10.15,-5.14,-109.32,-48.11,-112.24,-60.45,-55.04,-11.68,0.49,0.97,0.11,1.25,4.31,0.56,0.57,2.21,-7855000,2.43,-12117000.0,3.75
DRAGOENT,DGE,13.38,1.73,3.0,7.74,18.33,1.27,3.15,7.36,13.83,1.68,22.51,1.23,6.74,7.14,22.39,19.66,17.19,16.34,19.9,17.69,,20.68,0.07,0.08,,,,,0.08,3.51,473000,0.13,-745000.0,-0.21
DIAG,DIA,12.4,,6.62,,57.77,,10.01,,-28.36,,,,,,53.35,13.0,17.33,11.45,16.24,14.93,,19.67,0.75,3.07,2.12,0.89,0.94,0.76,3.93,1.18,1243671000,2.49,928905000.0,1.86
DIGITANET,DIG,12.44,4.74,6.36,9.27,18.33,3.22,8.03,7.35,2.39,24.71,59.54,3.25,5.46,7.41,51.15,29.71,43.8,34.72,43.68,47.22,58.38,37.49,0.39,0.68,0.36,1.77,1.6,0.79,0.78,0.92,4157000,0.09,2277000.0,0.05
DMGROUP,DMG,3.0,1.52,0.42,10.83,5.69,0.8,0.56,8.17,-0.19,,5.19,0.91,7.32,9.29,14.03,8.67,9.8,7.39,9.35,8.57,,11.5,0.38,0.62,0.1,5.91,1.03,0.68,1.12,1.05,150456000,2.43,54594000.0,0.88
DINOPL,DNP,75.5,5.98,15.51,29.1,305.56,1.48,19.63,22.99,-15.54,,458.9,1.5,19.08,23.37,20.55,11.88,6.43,5.08,6.38,6.06,23.56,15.03,0.42,0.73,0.08,14.17,0.9,0.63,1.39,1.15,5004913000,2.12,735619000.0,0.31
DOMDEV,DOM-DEVELOPMENT,71.64,2.99,22.49,9.54,124.2,1.73,27.43,7.82,63.57,3.37,230.37,1.85,8.11,8.4,31.39,10.74,22.09,18.11,23.07,22.43,32.23,13.1,0.66,1.92,0.4,0.09,12.45,0.48,0.68,6.07,3052650000,4.16,409522000.0,0.56
DIGITREE,DTR,5.49,2.17,-2.21,,29.49,0.4,-1.94,,-0.26,,12.24,0.42,-22.55,-6.29,-40.18,-20.1,-6.59,-7.48,-2.66,-6.93,,-17.71,0.49,0.99,0.1,0.69,1.04,0.55,1.05,0.99,11615000,-8.61,839000.0,-0.62
DEVELIA,DVL,3.9,1.67,0.79,8.27,3.59,1.82,0.85,7.71,2.85,2.29,7.64,2.13,8.86,9.03,20.23,8.1,23.59,21.99,24.06,25.95,33.74,8.69,0.6,1.5,0.42,0.04,5.26,0.57,0.67,2.49,1986746000,5.04,510900000.0,1.29
AMREST,EAT,7.02,2.42,0.03,577.17,50.17,0.34,2.19,7.76,-32.97,,45.63,0.91,6.19,20.85,0.42,0.07,4.36,0.06,5.61,1.31,12.48,4.9,0.84,5.34,3.91,1.09,0.86,0.77,8.24,1.44,7725571350,4.77,6290493650.0,3.89
ECHO,ECHO-INVESTMENT,3.85,1.16,-0.27,,1.98,2.25,0.0,1694.84,-4.66,,12.21,6.15,285.45,4638.63,-7.11,-1.6,0.13,-13.79,11.0,-6.12,33.29,0.02,0.73,3.24,1.93,0.02,1.21,0.66,1.6,0.66,4790495000,271.45,3196956000.0,181.15
EDINVEST,ED-INVEST,5.06,1.26,0.16,38.97,4.7,1.36,0.19,32.91,4.84,1.32,6.88,1.46,27.52,35.47,3.24,1.92,4.12,3.48,4.58,4.81,22.21,2.28,0.41,0.68,0.26,0.15,29.01,0.75,0.42,9.62,38678000,12.5,6141000.0,1.98
ELKOP,EKP,14.74,,-10.0,,-3.26,,-8.43,,0.02,,,,,,-67.81,-67.8,258.55,306.55,31.88,209.58,49.8,-57.18,0.0,0.0,,,,,0.15,0.15,29287,-0.0,-4184.0,0.0
ECBSA,ELEKTROCIEPLOWNIA-BEDZIN,7.04,3.59,2.85,8.86,25.86,0.98,2.78,9.08,1.82,13.9,24.49,0.95,7.88,8.8,40.45,27.9,10.76,11.02,10.9,13.76,,27.25,0.31,0.45,0.12,5.99,1.51,0.77,0.64,0.86,4328000,0.44,-2397000.0,-0.25
ELEKTROTI,ELEKTROTIM,13.86,3.39,3.74,12.6,55.46,0.85,5.21,9.03,9.61,4.9,45.62,0.82,8.05,8.76,26.95,15.96,9.4,6.74,9.37,8.57,15.39,22.27,0.41,0.69,0.17,0.83,3.8,0.7,0.5,1.61,67549000,1.19,-14234000.0,-0.25
ENEA,ENA,30.87,0.5,2.7,5.68,60.75,0.25,5.95,2.57,-6.38,,18.95,0.31,2.18,3.18,8.74,4.14,9.8,4.44,10.28,7.84,,9.14,0.49,1.04,0.61,1.9,1.27,0.76,1.25,0.98,11736030000,2.54,1922663000.0,0.42
ENELMED,ENEL-MED,6.33,3.02,0.69,27.84,26.97,0.71,1.14,16.76,-9.66,,27.06,1.0,7.02,23.74,10.84,3.56,4.23,2.54,3.59,3.32,8.78,5.92,0.67,2.04,1.29,1.83,0.9,0.75,3.96,1.57,316832000,2.9,225061000.0,2.06
ENERGA,ENERGA,29.53,0.41,0.87,13.72,54.18,0.22,3.46,3.46,-37.11,,48.76,0.9,7.34,14.11,2.95,1.04,6.38,1.61,9.24,2.89,14.72,4.12,0.62,1.77,1.19,1.84,0.94,0.77,3.45,1.48,19884000000,7.23,15237000000.0,5.54
ENERGOINS,ENERGOINSTAL,2.19,0.96,-0.49,,2.83,0.75,-0.43,,-1.7,,2.7,0.95,-11.07,-6.33,-22.47,-7.63,-15.08,-17.41,-17.46,-21.47,1.58,-6.61,0.66,1.94,0.32,5.15,0.74,0.45,1.66,0.94,69287000,-15.77,10641000.0,-2.42
ENTER,ENT,21.27,2.82,8.94,6.71,170.93,0.35,14.29,4.2,-105.52,,163.25,0.96,4.86,11.42,42.04,5.9,8.36,5.23,8.05,6.25,10.49,9.43,0.86,6.13,4.25,1.29,0.88,0.74,5.26,0.88,2092398000,3.55,1811324000.0,3.07
EQUNICO,EQU,0.49,1.75,0.03,26.08,0.33,2.6,0.02,36.3,-0.24,,0.93,2.83,20.62,39.38,6.71,2.42,7.17,9.99,4.34,12.25,,1.74,0.32,0.88,0.48,4.82,0.62,0.53,2.3,0.96,132168000,9.28,22975000.0,1.61
ERBUD,ERBUD,39.55,0.98,-3.75,,257.22,0.15,-0.32,,-0.65,,51.78,0.2,14.67,-160.75,-9.49,-2.18,-0.13,-1.46,-0.32,-0.91,6.97,-0.19,0.7,3.06,0.67,1.06,1.27,0.38,1.01,0.77,1224708000,29.08,153685000.0,3.65
ESOTIQ,ESOTIQ-HENDERSON,30.33,1.21,4.75,7.73,135.26,0.27,7.72,4.76,-8.67,,73.68,0.54,4.79,9.55,15.66,5.01,5.7,3.51,5.02,4.42,67.43,8.14,0.68,2.13,0.58,1.54,1.23,0.5,1.16,0.9,141584000,4.12,82587000.0,2.4
EUROCASH,EUROCASH,4.54,1.94,-0.18,,226.28,0.04,1.99,4.43,-30.01,,26.43,0.12,4.02,13.29,-4.05,-0.3,0.88,-0.08,0.68,0.09,13.47,3.2,0.91,12.49,3.57,1.08,0.59,0.33,2.12,0.27,7387240000,8.07,2453184000.0,2.68
EUCO,EUROPEJSKIE-CENTRUM-ODSZKODOWAN,-14.44,,2.1,0.94,2.51,0.78,2.17,0.91,-15.0,,6.19,2.46,2.71,2.85,-14.54,102.13,86.45,83.51,-18.19,86.17,3.39,105.72,8.02,-1.14,-0.65,0.06,-8.9,-2.43,11.03,-284.19,92067000,7.2,23607000.0,1.85
EUROTEL,EUROTEL,21.38,0.94,3.27,6.18,132.45,0.15,4.41,4.58,6.34,3.19,15.14,0.11,2.0,3.43,15.29,7.6,3.33,2.47,3.88,3.25,21.49,10.25,0.46,0.92,0.17,2.74,1.59,0.58,0.76,0.95,45861000,1.62,-18983000.0,-0.67
FABRITY,FAB,11.96,2.33,2.56,10.85,26.04,1.07,2.09,13.27,9.33,2.98,24.24,0.93,8.62,11.57,21.44,14.92,8.04,9.84,8.53,5.99,,12.19,0.29,0.41,0.13,0.51,4.6,0.79,0.35,1.41,759000,0.1,-9910000.0,-1.27
FASING,FASING,56.44,0.22,3.5,3.57,83.74,0.15,8.23,1.52,16.3,0.77,32.92,0.39,2.75,4.0,6.21,3.2,9.83,4.18,10.48,5.92,40.95,7.53,0.43,0.83,0.08,7.77,1.32,0.56,0.74,0.9,135872000,3.65,63442000.0,1.7
FEERUM,FEERUM,12.03,0.85,-0.1,,9.27,1.11,-0.04,,5.61,1.83,10.47,1.13,18.4,-284.53,-0.8,-0.59,-0.4,-1.04,-0.07,-1.61,10.07,-0.22,0.27,0.37,0.06,4.99,1.99,0.77,0.45,0.83,39823000,7.34,2106000.0,0.39
FERRO,FERRO,21.96,1.64,3.56,10.12,36.71,0.98,4.7,7.66,8.37,4.3,42.3,1.15,7.66,9.0,16.19,9.55,12.8,9.69,22.85,11.83,,12.62,0.4,0.69,0.07,2.74,1.7,0.63,0.64,1.02,282998000,2.41,133758000.0,1.14
FMG,FMG,211.27,0.5,14.3,7.34,406.99,0.26,40.33,2.6,4.8,21.89,128.66,0.32,2.3,3.19,6.77,4.61,9.91,3.51,0.68,5.16,,13.01,0.32,0.47,0.24,0.91,1.27,0.84,0.95,0.98,25546000,1.33,8129000.0,0.42
FORTE,FORTE,38.78,0.74,2.1,13.59,46.02,0.62,2.99,9.54,2.45,11.64,38.57,0.84,7.25,12.91,5.41,3.39,6.49,4.56,6.51,5.6,35.02,4.83,0.37,0.59,0.33,2.5,1.42,0.83,0.9,0.96,436077000,3.43,240885000.0,1.89
GETIN,GETIN-HOLDING,0.93,0.69,0.71,0.91,-0.38,,-0.04,,,,,,,,75.97,19.22,10.92,-184.11,,,,-1.14,0.75,2.95,,,,,,,521015000,305.04,,
GAMFACTOR,GIF,2.17,5.01,-1.55,,0.54,19.97,-1.26,,-0.64,,10.75,19.78,-11.07,-8.52,-71.76,-47.63,-232.07,-286.1,-86.25,-292.16,,-38.64,0.33,0.5,0.43,0.09,1.1,0.95,2.45,1.88,4641000,-0.79,-619000.0,0.1
GIGROUP,GIG,0.41,4.39,-0.0,,3.29,0.55,0.02,116.07,-0.02,,1.96,0.59,44.93,125.22,-0.06,-0.02,0.47,-0.01,-0.58,0.48,,1.24,0.67,2.04,0.12,1.32,1.08,0.37,1.02,0.98,103322000,15.02,22569000.0,3.28
IMMOBILE,GKI,1.44,1.58,-0.98,,11.48,0.2,0.93,2.45,-4.36,,7.47,0.65,4.8,8.07,-68.34,-8.58,8.07,-8.55,7.95,5.06,21.07,8.1,0.8,6.36,2.65,1.26,0.79,0.46,1.91,0.41,676613000,5.78,391591000.0,3.34
GENOMTEC,GMT,1.02,7.72,-0.79,,0.16,48.71,-0.78,,0.48,16.4,7.09,43.85,-11.48,-9.14,-77.48,-49.18,-479.79,-488.77,-479.92,-485.7,-105.82,-48.28,0.37,0.58,0.24,0.7,2.34,0.78,0.55,1.04,-5109000,0.56,-11684000.0,1.27
GOBARTO,GOBARTO,20.79,1.2,0.31,81.65,135.0,0.18,1.49,16.73,-9.4,,38.03,0.28,10.43,25.55,1.47,0.59,1.1,0.23,0.92,0.34,9.33,2.87,0.6,1.5,0.5,2.31,1.03,0.6,1.43,0.99,807691000,7.96,365079000.0,3.6
GAMEOPS,GOP,5.47,3.18,2.47,7.03,5.37,3.24,2.69,6.47,4.1,4.25,14.98,2.79,5.32,5.57,45.2,39.61,50.09,46.08,52.78,49.76,,43.06,0.12,0.14,0.05,2.15,4.16,0.92,0.16,0.63,-9675000,-0.62,-13332000.0,-0.86
GRUPRACUJ,GPP,7.03,8.26,3.09,18.81,11.41,5.09,4.48,12.97,-3.47,,57.71,5.06,11.5,12.88,43.92,19.05,39.26,27.08,39.22,35.37,,27.62,0.57,1.31,0.42,0.2,0.95,0.61,1.61,1.08,344785000,1.01,-26763000.0,-0.08
GPW,GPW,26.61,1.7,4.1,11.06,11.41,3.97,2.75,16.51,6.82,6.65,42.34,3.71,12.01,15.41,15.4,12.14,24.08,35.92,32.23,42.08,,8.14,0.21,0.26,0.09,1.42,1.44,0.86,0.5,0.67,-164634000,-1.11,-126226000.0,-0.85
GRENEVIA,GRENEVIA,3.76,0.68,0.58,4.4,3.28,0.78,0.52,4.99,1.12,2.29,2.81,0.86,2.96,5.45,15.55,8.66,15.72,17.84,20.18,18.64,35.1,7.63,0.41,0.74,0.45,1.2,1.91,0.81,0.71,0.94,656000000,1.2,136000000.0,0.25
GRODNO,GRODNO,8.72,1.03,-1.26,,77.58,0.12,-0.83,,-1.47,,17.75,0.23,-122.0,-21.4,-14.48,-4.07,-1.07,-1.63,0.38,-1.81,,-2.67,0.72,2.56,0.2,4.61,1.02,0.34,1.07,0.92,339562000,-151.73,135060000.0,-60.35
GTC,GTC,8.22,0.47,0.32,12.16,1.43,2.72,0.74,5.25,-12.75,,15.44,10.82,20.58,20.87,3.88,1.39,51.83,22.36,57.03,26.65,68.18,3.23,0.63,1.74,1.51,0.01,0.97,0.9,9.12,3.51,7645500000,17.75,6636900000.0,15.41
HARPER,HARPER-HYGIENICS,10.8,0.41,0.99,4.47,36.94,0.12,2.04,2.17,-12.23,,19.19,0.52,6.08,9.42,9.19,2.47,5.52,2.68,6.31,3.3,31.19,5.07,0.73,2.72,1.54,1.22,1.19,0.68,1.71,0.8,186909000,9.31,93996000.0,4.68
HELIO,HELIO,32.88,0.64,3.5,6.0,83.55,0.25,5.51,3.81,19.81,1.06,20.56,0.25,3.17,3.73,10.64,6.04,6.59,4.19,6.57,5.26,23.33,9.5,0.42,0.73,0.1,4.09,2.65,0.63,0.55,1.28,118110000,3.64,-2182000.0,-0.07
HERKULES,HERKULES,2.48,0.38,-0.11,,3.12,0.3,-0.15,,-3.21,,1.75,0.56,4.67,-11.31,-4.36,-1.55,-4.96,-3.47,-7.18,-4.41,,-2.21,0.65,1.82,0.57,3.75,0.68,0.56,3.47,1.51,140679000,11.01,27679000.0,2.17
HUUUGE,HUG,12.55,1.52,4.52,4.23,16.24,1.18,4.95,3.87,11.0,1.74,8.94,0.55,1.61,1.81,36.05,31.77,30.49,27.86,31.91,32.92,73.4,34.77,0.12,0.13,0.02,1.95,8.22,0.9,0.13,1.08,-547196473,-1.64,-611649133.0,-1.84
HYDROTOR,HYDROTOR,48.24,0.48,-4.73,,46.68,0.5,-4.9,,4.34,5.37,36.39,0.78,83.76,-7.43,-9.8,-6.1,-10.5,-10.13,-13.19,-11.82,1.52,-6.32,0.38,0.61,0.21,4.28,1.33,0.75,0.87,0.95,68380000,65.62,31400000.0,30.13
IBSM,IBSM,109.29,0.67,3.75,19.51,59.47,1.23,-0.14,,19.14,3.82,237.78,4.0,51.15,-1672.16,3.43,1.25,-0.24,6.31,-5.45,6.31,,-0.05,0.64,1.74,0.76,0.07,2.14,0.64,0.91,1.1,-2183000,-1.21,63657000.0,35.4
MEDINICE,ICE,10.44,0.79,4.92,1.67,0.02,488.25,4.89,1.68,0.23,35.21,7.44,442.19,1.51,1.52,47.14,44.21,29017.05,29221.71,-3459.69,29200.0,,43.9,0.06,0.07,0.04,0.19,1.06,0.97,0.75,0.76,-945000,-0.03,-5941000.0,-0.16
IFIRMA,IFI,2.52,9.35,1.65,14.27,9.44,2.5,1.91,12.36,1.04,22.64,22.89,2.43,11.48,11.99,65.53,39.26,20.23,17.53,20.48,21.86,36.81,45.31,0.24,0.4,,,,,0.49,0.58,-995000,-0.08,-4522000.0,-0.35
IMPERIO,IMP,1.89,0.7,0.14,9.52,0.01,154.29,0.14,9.46,1.89,0.7,1.3,151.53,9.21,9.29,7.33,6.89,1631.34,1620.9,-716.42,1620.9,,6.94,0.0,0.0,,,,,0.0,0.01,-13764000,-12.49,-185000.0,-0.17
IMS,IMS,1.25,2.94,0.28,12.9,1.9,1.93,0.41,8.98,-0.64,,4.26,2.24,7.49,10.45,22.79,10.56,21.47,14.95,21.98,18.6,,15.17,0.45,0.97,0.32,1.07,0.77,0.61,2.14,1.26,40960000,2.05,21001000.0,1.05
INC,INC,1.07,2.33,0.04,65.4,0.48,5.19,-0.01,,0.96,2.61,2.42,5.03,36.43,-309.0,3.57,1.91,-1.63,7.93,-20.81,-9.17,62.58,-0.39,0.28,0.52,0.24,1.24,2.69,0.66,0.37,0.79,-12609000,-12.6,-1146000.0,-1.14
IMCOMPANY,INDUSTRIAL-MILK-COMPANY,20.26,1.61,6.66,4.91,22.76,1.44,7.93,4.12,-2.27,,43.52,1.91,4.35,5.49,32.89,17.71,34.83,29.28,-2.04,29.65,16.04,21.07,0.46,0.86,0.67,1.64,1.51,0.9,1.15,1.04,448092635,1.26,384184842.0,1.08
INGBSK,ING-BANK-SLASKI,144.57,2.2,33.74,9.42,124.1,2.56,42.54,7.48,,,,,,,23.34,1.63,34.28,27.19,,,,2.06,0.93,13.31,,,,,,,173867000000,29.66,,
INPRO,INPRO,12.7,0.54,1.17,5.81,9.29,0.73,1.78,3.81,8.95,0.76,9.6,1.03,4.83,5.38,9.21,5.14,19.21,12.59,19.22,17.33,33.89,7.84,0.4,0.72,0.22,0.54,3.35,0.68,0.51,1.4,270118000,3.39,112280000.0,1.41
INSTALKRK,INSTAL-KRAKOW,52.59,0.7,5.79,6.39,44.81,0.83,7.16,5.17,17.94,2.06,38.07,0.85,4.82,5.31,11.01,8.4,15.99,12.93,12.79,16.3,27.58,10.39,0.22,0.28,0.08,1.38,1.56,0.82,0.45,0.66,100366000,1.74,7779000.0,0.14
INTERCARS,INTER-CARS,369.57,1.42,51.01,10.31,1392.14,0.38,76.64,6.86,206.45,2.55,736.78,0.53,8.02,9.61,13.8,6.36,5.51,3.66,5.73,4.59,29.57,9.56,0.54,1.17,0.38,0.88,3.13,0.64,0.68,1.53,5600403000,4.3,2986350000.0,2.29
INTERBUD,INTERBUD-LUBLIN,1.28,1.36,-0.28,,0.44,4.02,-0.27,,1.04,1.68,2.87,6.59,-11.24,-10.72,-21.64,-6.65,-61.49,-63.84,-49.91,-70.07,35.25,-6.4,0.72,2.35,0.87,0.03,18.9,0.58,0.74,7.49,29351000,-11.19,11516000.0,-4.39
INTERSPPL,INTERSPPL,0.02,28.62,-0.29,,1.55,0.37,-0.32,,-1.19,,1.26,0.81,10.29,-3.94,-1416.89,-17.04,-20.62,-18.49,-19.79,-19.59,31.97,-19.01,0.99,82.14,25.57,1.86,0.44,0.32,3.52,0.06,196344000,13.22,82512000.0,5.56
INTROL,INTROL,7.21,1.17,0.97,8.69,24.43,0.35,1.49,5.65,0.26,32.01,11.23,0.46,5.05,7.51,13.47,5.23,6.12,3.98,7.83,5.05,22.3,8.04,0.6,1.53,0.37,2.41,1.37,0.53,0.98,0.97,234560000,4.11,71662000.0,1.25
IPOPEMA,IPOPEMA,4.03,0.81,0.25,13.31,8.32,0.39,0.35,9.31,3.53,0.93,-2.0,-0.24,-4.0,-5.67,6.11,1.66,4.24,2.96,2.8,4.45,,2.37,0.71,2.63,,,,,0.75,4.24,91924000,6.15,-158011000.0,-10.57
IZOBLOK,IZOBLOK,74.86,0.49,-3.08,,206.13,0.18,-0.39,,-58.54,,132.78,0.64,15.44,-340.56,-4.11,-1.34,-0.19,-1.49,-1.35,-2.97,,-0.17,0.67,2.06,1.18,1.29,1.23,0.71,1.61,0.9,181803000,16.69,121359000.0,11.14
IZOLACJA,IZOLACJA-JAROCIN,4.89,0.75,0.38,9.55,8.94,0.41,0.51,7.2,3.48,1.05,2.68,0.3,3.81,5.29,7.82,5.81,5.67,4.28,7.38,5.62,29.83,7.71,0.16,0.21,0.01,43.74,2.71,0.75,0.23,0.55,277000,0.1,-3682000.0,-1.38
IZOSTAL,IZOSTAL,8.01,0.35,0.31,9.01,28.38,0.1,0.7,3.96,1.78,1.57,9.53,0.34,8.82,13.54,3.87,1.27,2.48,1.09,2.35,1.41,8.22,2.89,0.67,2.04,0.12,5.67,1.44,0.37,0.9,1.16,518106000,14.65,220622000.0,6.24
JRH,JRH,3.27,1.95,-0.6,,0.0,1648.0,-0.7,,3.21,1.99,6.38,1647.35,-9.07,-9.06,-18.29,-15.07,-18186.36,-15444.32,-9725.57,-18438.07,,-17.74,0.18,0.21,,,,,0.18,9.89,-129747000,4.06,-114000.0,0.0
JSW,JSW-JASTRZEBSKA-SPOLKA-WEGLOWA,67.75,0.34,-73.2,,88.14,0.26,-83.65,,-71.27,,37.66,0.43,-0.54,-0.45,-108.05,-42.99,-94.9,-83.05,-30.29,-96.73,-16.42,-49.12,0.58,1.46,0.55,2.08,0.74,0.62,3.61,1.71,10470300000,-1.27,1751800000.0,-0.21
JWWINVEST,JWW-INVEST,3.64,0.84,0.44,7.01,12.47,0.24,0.56,5.4,2.26,1.35,2.92,0.23,3.83,5.17,11.96,5.87,4.53,3.49,4.56,4.34,,7.6,0.51,1.03,0.05,6.79,2.73,0.51,0.62,1.63,36657000,4.37,-1462000.0,-0.17
KCI,KCI,4.81,0.19,-0.2,,0.02,43.04,-0.35,,-0.3,,0.93,42.9,-2.65,-2.65,-4.25,-3.82,-1619.5,-945.82,-263.97,-1596.56,,-6.54,0.1,0.11,0.01,0.69,0.95,0.91,2.27,2.13,26763000,-1.12,-208000.0,0.01
KERNEL,KERNEL,27.03,0.7,2.41,7.9,55.08,0.35,3.82,4.98,10.65,1.79,21.62,0.39,4.1,5.66,8.91,5.54,6.94,4.37,10.27,5.67,16.28,8.79,0.38,0.61,0.27,2.08,2.09,0.79,0.61,1.0,930929192,0.6,762766448.0,0.49
KETY,KETY,211.63,3.91,54.34,15.22,538.39,1.54,73.39,11.27,-49.04,,965.22,1.79,10.06,13.15,25.68,12.17,13.63,10.09,13.09,12.16,,16.44,0.53,1.11,0.57,1.88,1.28,0.75,1.26,1.03,2234000000,2.38,1350000000.0,1.44
KGHM,KGHM,156.72,0.8,13.87,9.04,179.74,0.7,24.1,5.21,-53.5,,152.07,0.85,4.39,6.31,8.85,5.12,13.41,7.72,11.99,12.91,18.28,8.9,0.42,0.73,0.38,2.31,1.03,0.8,1.89,1.41,21375000000,3.09,5323000000.0,0.77
KGL,KGL,18.06,0.79,-1.09,,74.42,0.19,0.55,25.82,-9.63,,32.67,0.44,7.01,59.41,-6.04,-2.05,0.74,-1.47,0.04,-1.61,13.96,1.03,0.63,1.85,0.47,3.24,0.96,0.5,1.41,0.86,230671000,7.01,130306000.0,3.96
KINOPOL,KINO-POLSKA-TV,15.84,1.24,3.38,5.8,15.97,1.23,4.29,4.56,7.05,2.78,18.91,1.18,2.49,4.4,21.35,15.99,26.89,21.17,26.95,27.8,,20.3,0.25,0.34,0.07,0.61,1.93,0.8,0.43,0.77,-23911000,-0.16,-13743000.0,-0.09
KOGENERA,KOGENERACJA,165.47,0.3,12.88,3.84,172.58,0.29,14.12,3.51,-30.23,,76.61,0.44,2.63,5.43,7.79,4.54,8.18,7.46,8.13,9.26,12.79,4.98,0.42,0.71,0.23,4.89,1.04,0.72,1.34,1.14,1725827000,3.97,404002000.0,0.93
KOMPUTRON,KOMPUTRONIK,24.48,0.2,-1.63,,173.54,0.03,-0.66,,9.77,0.51,6.91,0.04,6.11,-10.44,-6.64,-3.42,-0.38,-0.94,-0.49,-0.95,11.67,-1.39,0.48,0.94,0.29,1.01,2.14,0.66,0.7,1.17,209544000,18.91,18617000.0,1.68
KPPD,KPD,63.98,0.44,-25.54,,201.64,0.14,-22.68,,6.87,4.08,24.17,0.12,-2.29,-1.07,-39.91,-22.33,-11.25,-12.67,-10.31,-11.87,4.81,-19.83,0.38,0.68,0.05,17.16,1.16,0.59,0.86,0.86,64381000,-3.76,-6215000.0,0.36
KRAKCHEM,KRAKCHEMIA,-7.11,,-1.5,,4.21,0.27,-0.78,,0.1,11.47,1.4,0.33,-2.12,-1.8,21.04,-92.15,-18.49,-35.52,-16.7,-35.72,12.57,-47.98,0.56,-0.13,,,,,0.9,-10.31,7556000,-1.27,2562000.0,-0.43
KRKA,KRKA,307.08,2.33,53.21,13.42,252.78,2.82,56.66,12.6,174.78,4.09,656.15,2.6,9.57,11.58,17.33,13.47,22.41,21.05,22.08,24.62,57.48,14.34,0.22,0.28,0.07,5.0,2.43,0.83,0.33,0.75,-228633399,-0.1,-1897080674.0,-0.84
KRUK,KRUK,246.37,1.53,50.9,7.41,152.69,2.47,71.55,5.27,233.01,1.62,691.53,4.53,9.25,9.66,20.66,8.47,46.86,33.33,46.86,32.61,,11.91,0.59,1.44,1.28,0.02,42.16,0.94,0.6,11.13,-4432843000,-3.06,6092928000.0,4.2
KSGAGRO,KSG-AGRO,1.89,1.82,1.19,2.9,6.44,0.53,0.85,4.04,-1.26,,7.36,1.14,6.08,8.65,63.0,11.76,13.22,18.45,13.22,18.45,20.16,8.43,0.81,4.35,0.44,3.07,0.86,0.27,1.18,0.71,92434056,5.08,58946032.0,3.24
KRVITAMIN,KVT,7.75,1.16,1.17,7.7,31.45,0.29,1.49,6.02,-1.76,,12.31,0.39,4.62,8.26,15.05,6.47,4.74,3.71,4.68,4.18,17.02,8.28,0.52,1.21,0.16,8.21,0.95,0.5,1.23,0.92,114711000,3.51,40813000.0,1.25
LENA,LENA-LIGHTING,4.43,0.68,0.08,36.31,5.49,0.55,0.13,22.82,2.29,1.31,3.06,0.56,7.66,23.26,1.86,1.56,2.4,1.51,2.38,2.25,33.65,2.48,0.16,0.19,0.01,65.32,2.07,0.84,0.27,0.55,19349000,1.95,1438000.0,0.14
LENTEX,LENTEX,6.41,1.09,0.37,18.88,7.9,0.88,0.57,12.27,2.45,2.85,6.44,0.81,7.0,11.31,5.77,3.18,7.2,4.68,7.63,7.97,27.25,4.89,0.19,0.34,0.16,4.51,1.06,0.64,0.47,0.43,45142000,1.23,-21722000.0,-0.59
LESS,LES,0.0,14605.69,-0.01,,0.0,,-0.01,,-0.0,,0.22,,-26.04,-26.01,-78150.0,-420.16,,,,,,-299.73,0.99,185.0,0.5,,0.1,0.01,1.09,0.07,165000,-0.15,-205000.0,0.18
LIBET,LIBET,2.37,0.68,0.32,5.05,2.32,0.7,0.25,6.38,0.79,2.05,1.55,0.67,3.74,6.12,13.52,11.37,10.95,13.83,-13.93,15.15,-19.01,9.01,0.12,0.14,0.02,36.08,1.49,0.86,0.3,0.43,12498000,0.66,-2962000.0,-0.16
LOKUM,LKD,31.5,0.69,2.55,8.48,6.26,3.45,3.35,6.44,28.45,0.76,24.71,3.95,7.17,7.37,8.09,5.2,53.56,40.71,9.93,54.33,37.15,6.84,0.36,0.56,0.39,0.05,14.99,0.89,0.38,4.13,160244000,2.58,55941000.0,0.9
LPP,LPP,3041.67,5.06,972.58,15.83,11230.19,1.37,1329.82,11.58,-2599.83,,18836.63,1.68,8.23,14.16,31.98,9.58,11.84,8.66,12.17,11.07,53.5,13.1,0.7,2.34,0.69,2.44,0.91,0.5,1.58,0.85,10827000000,2.55,6378000000.0,1.5
LARQ,LRQ,3.96,0.49,-0.4,,0.03,61.84,-0.1,,-0.93,,2.86,91.27,-31.06,-28.08,-10.22,-8.18,-325.06,-1289.6,-302.36,-492.43,100.0,-2.06,0.2,0.25,0.13,0.01,0.92,0.91,16.16,13.1,13012000,-10.47,12449000.0,-10.02
LSISOFT,LSI-SOFTWARE,18.3,0.91,2.32,7.14,22.39,0.74,2.76,6.02,4.49,3.7,15.82,0.71,3.32,5.74,12.7,10.3,12.31,10.38,10.16,11.63,32.84,12.22,0.19,0.23,0.09,3.03,1.44,0.88,0.49,0.65,5724000,0.37,-2540000.0,-0.16
LUBAWA,LUBAWA,3.16,3.04,0.65,14.79,3.44,2.79,0.74,12.96,1.46,6.59,9.34,2.71,11.12,12.6,20.56,13.55,21.53,18.86,22.54,22.7,39.34,15.46,0.34,0.52,0.06,6.4,1.97,0.7,0.53,0.98,72197000,0.57,-39787000.0,-0.32
MABION,MABION,5.96,1.68,-2.42,,2.34,4.29,-2.15,,-0.97,,8.74,3.74,-5.5,-4.06,-40.63,-27.27,-92.18,-103.63,-78.26,-91.22,23.63,-24.26,0.33,0.49,0.09,12.47,0.94,0.73,1.5,1.29,23479000,-0.91,-20705000.0,0.81
MAKARONPL,MAKARONY-POLSKIE,16.32,1.19,2.88,6.73,26.97,0.72,3.49,5.56,4.27,4.54,16.38,0.61,3.36,4.7,17.66,12.29,12.94,10.69,12.03,13.1,26.9,14.88,0.3,0.44,0.15,4.56,1.56,0.8,0.63,0.85,29001000,0.54,-33304000.0,-0.62
MBANK,MBANK,436.47,1.86,63.21,12.83,420.06,1.93,85.0,9.54,,,,,,,14.48,1.09,20.24,15.05,,,,1.47,0.92,12.27,,,,,,,135409004000,32.23,,
MOBRUK,MBR,73.34,4.16,19.81,15.4,82.17,3.71,27.02,11.29,-29.08,,321.32,3.91,9.48,11.89,27.01,14.55,32.88,24.11,32.21,30.17,41.91,19.85,0.46,0.85,0.64,1.96,1.17,0.89,1.88,1.34,166915000,1.4,57342000.0,0.48
MCI,MCI,40.27,0.63,0.28,90.99,0.91,27.71,0.63,40.15,-5.41,,30.6,33.64,47.74,48.75,0.69,0.59,69.02,30.45,45.82,23.68,99.62,1.35,0.14,0.16,0.15,0.01,1.01,0.99,6.8,5.99,302853000,9.01,283165000.0,8.42
MEDICALG,MDG,7.3,3.56,-1.64,,2.39,10.89,-1.61,,-1.25,,26.57,11.13,-21.54,-16.53,-22.41,-15.51,-67.37,-68.51,-73.02,-67.14,,-15.25,0.31,0.44,0.29,0.13,1.1,0.89,1.62,1.39,26706000,-2.17,5704000.0,-0.46
MDIENERGIA,MDI,0.29,4.59,-0.06,,4.65,0.29,-0.07,,0.07,20.42,1.23,0.26,-20.35,-16.87,-21.9,-3.27,-1.57,-1.38,-1.01,-1.63,1.34,-3.71,0.85,5.7,0.36,0.08,1.75,0.2,0.96,1.24,71691000,-25.72,-5294000.0,1.9
MEGARON,MEGARON,7.8,0.75,0.39,14.93,16.91,0.35,0.58,10.05,1.59,3.68,5.78,0.34,3.68,9.93,5.02,3.16,3.44,2.32,2.8,2.92,49.16,4.7,0.26,0.41,0.01,114.81,1.22,0.63,0.67,0.69,8473000,2.0,-188000.0,-0.04
MENNICA,MENNICA-POLSKA,14.2,1.69,1.94,12.39,28.65,0.84,2.2,10.93,6.0,4.0,26.59,0.93,10.13,12.11,13.64,6.54,7.66,6.76,6.74,9.16,11.21,7.42,0.46,0.96,0.03,4.98,1.46,0.5,0.69,0.98,567471000,4.23,132075000.0,0.98
MERCATOR,MERCATOR,94.25,0.48,7.13,6.31,57.23,0.79,4.09,11.01,53.39,0.84,32.58,0.57,4.97,7.97,7.56,6.85,7.14,12.45,-2.94,8.51,,3.92,0.1,0.11,0.01,23.64,2.36,0.92,0.16,0.37,-167382000,-2.61,-121356000.0,-1.9
MERCOR,MERCOR,13.77,2.17,1.3,22.94,33.58,0.89,1.74,17.16,7.35,4.07,34.66,1.03,11.75,19.89,9.47,5.06,5.19,3.88,5.67,5.02,24.33,6.76,0.46,0.86,0.39,0.64,2.9,0.74,0.62,1.29,167359000,3.64,74128000.0,1.61
MEXPOLSKA,MEX-POLSKA,1.9,1.93,0.1,35.38,14.4,0.25,0.49,7.41,-6.98,,9.66,0.67,4.94,19.56,5.46,0.97,3.43,0.72,2.44,1.19,12.49,4.62,0.81,4.56,2.89,1.34,0.82,0.69,5.22,1.09,59706000,3.98,46005000.0,3.07
MFO,MFO,47.17,0.67,1.14,27.58,95.0,0.33,2.01,15.68,4.27,7.38,36.96,0.39,11.0,18.39,2.42,1.32,2.12,1.2,1.56,1.35,10.75,2.32,0.46,0.84,0.26,2.96,1.39,0.69,0.9,0.99,199483000,8.99,36046000.0,1.62
MANGATA,MGT,81.68,0.84,3.41,20.07,112.75,0.61,5.27,12.98,4.03,16.98,93.82,0.83,7.78,17.81,4.17,2.46,4.67,3.02,4.63,3.3,19.47,3.8,0.4,0.68,0.26,3.11,1.3,0.74,0.93,0.96,331103000,4.11,169741000.0,2.11
MIRACULUM,MIRACULUM,0.62,1.28,-0.07,,1.05,0.75,-0.03,,-0.18,,1.07,1.02,-162.07,-34.22,-10.56,-5.27,-2.99,-6.24,-3.01,-5.23,30.87,-2.53,0.5,1.0,0.47,0.19,1.14,0.73,1.4,1.09,29459000,-93.82,13461000.0,-42.87
MIRBUD,MIRBUD,10.08,1.31,0.94,14.07,28.18,0.47,1.39,9.46,2.42,5.45,15.01,0.53,9.3,10.77,9.29,4.32,4.94,3.32,8.26,4.18,,6.42,0.54,1.15,0.51,0.46,1.98,0.7,0.83,1.09,1156957000,6.51,201066000.0,1.13
MILKILAND,MLK,-5.23,,-0.48,,-2.06,,-0.94,,-13.68,,11.32,,-11.65,-12.05,9.09,-2.66,45.52,23.02,-13.82,9.75,5.28,-5.26,1.29,-4.4,-0.28,3.35,-0.44,-0.21,2.47,-1.51,714004563,-23.51,325000001.0,-10.7
MLPGROUP,MLP-GROUP,112.28,0.77,13.05,6.65,16.06,5.4,19.46,4.46,-122.35,,190.44,11.86,9.74,9.79,11.63,5.08,121.14,81.28,49.13,99.25,61.5,7.58,0.56,1.29,1.22,0.01,1.06,0.97,6.51,3.11,3036338000,6.47,2486731000.0,5.3
MLSYSTEM,MLS,17.34,0.86,-8.67,,19.03,0.78,-7.12,,-38.09,,32.23,1.69,-8.98,-4.52,-50.01,-13.2,-37.42,-45.56,-34.01,-44.84,1.39,-10.84,0.74,2.79,1.66,1.77,0.83,0.7,4.71,1.47,353277000,-13.34,128177000.0,-4.84
MOLECURE,MOC,4.86,1.89,-1.47,,0.14,67.59,-1.51,,1.6,5.74,7.5,55.21,-5.67,-4.95,-30.17,-27.58,-1114.83,-1079.96,-1109.51,-1079.96,,-28.47,0.09,0.09,0.05,1.68,1.57,0.96,0.22,0.33,-31421000,1.18,-33965000.0,1.27
MOL,MOL-MAGYAR-OLAJ,54.72,0.56,4.99,6.1,120.73,0.25,8.07,3.78,-13.39,,43.15,0.36,2.89,5.35,9.13,4.7,6.69,4.14,12.17,6.63,,7.6,0.43,0.84,0.41,2.59,1.05,0.72,1.41,1.05,33414440800,2.73,10385408800.0,0.85
MONNARI,MONNARI-TRADE,9.97,0.5,0.71,6.99,10.5,0.47,0.6,8.22,4.54,1.09,4.06,0.39,4.63,6.76,7.09,5.86,5.73,6.73,6.68,7.73,61.43,4.98,0.17,0.21,0.07,2.69,1.96,0.88,0.32,0.58,4737000,0.18,-26785000.0,-1.0
MOSTALPLC,MOSTOSTAL-PLOCK,9.41,1.63,-1.08,,67.48,0.23,-0.03,,-5.16,,16.42,0.24,13.72,-513.08,-11.44,-2.24,-0.05,-1.59,-2.46,-1.56,2.82,-0.07,0.71,3.61,0.15,6.44,0.8,0.22,1.18,0.58,67353000,28.13,2137000.0,0.89
MOSTALWAR,MOSTOSTAL-WARSZAWA,3.56,2.0,-1.14,,80.3,0.09,-0.4,,-9.67,,13.93,0.17,3.66,-34.77,-31.86,-2.23,-0.5,-1.41,-0.81,-1.57,3.76,-0.79,0.92,13.18,1.84,1.54,0.74,0.2,1.26,0.33,878084000,11.53,136158000.0,1.79
MOSTALZAB,MOSTOSTAL-ZABRZE,4.35,1.26,0.8,6.91,13.75,0.4,1.04,5.3,-0.17,,4.81,0.35,3.68,4.63,18.28,6.53,7.54,5.79,3.96,7.42,13.28,8.51,0.57,1.61,0.26,2.53,1.03,0.45,1.02,0.83,407417000,4.21,-51269000.0,-0.53
MOVIEGAMES,MOV,8.9,1.8,-0.24,,6.56,2.44,0.75,21.4,1.34,11.96,14.69,2.24,4.51,19.64,-2.7,-2.01,11.41,-3.67,23.17,-14.64,,6.24,0.19,0.26,0.17,0.02,1.24,0.87,0.63,0.67,1756000,0.21,-3383000.0,-0.4
MURAPOL,MUR,16.48,2.09,6.12,5.63,32.68,1.05,7.46,4.61,14.29,2.41,46.58,1.43,6.13,6.25,37.1,11.46,22.82,18.71,22.7,23.35,30.99,13.97,0.69,2.24,0.9,0.03,14.33,0.59,0.72,5.43,1217415000,3.93,497105000.0,1.6
MARVIPOL,MVP,16.46,0.4,0.6,11.04,11.29,0.58,1.25,5.28,9.23,0.71,12.16,1.08,8.06,9.77,3.62,1.59,11.03,5.28,8.14,7.11,19.16,3.33,0.56,1.27,0.61,0.3,3.68,0.71,0.69,1.58,649823000,10.34,232355000.0,3.7
MWTRADE,MW-TRADE,9.03,0.39,-1.1,,0.26,13.28,-1.42,,4.56,0.76,-1.44,-5.49,1.16,1.02,-12.18,-11.07,-540.06,-419.73,-540.06,-495.37,,-14.24,0.09,0.1,0.01,57.71,2.03,0.92,0.16,0.33,-10892000,3.43,-12554000.0,3.96
MAXCOM,MXC,19.66,0.41,-1.33,,40.2,0.2,-0.76,,15.61,0.51,13.22,0.33,-28.11,-17.35,-6.75,-4.52,-1.9,-3.3,-1.22,-3.9,,-2.6,0.34,0.51,0.01,8.26,5.3,0.68,0.39,2.05,24579000,-19.35,14150000.0,-11.14
NOCTILUCA,NCL,-0.8,,-3.2,,1.62,63.21,-3.05,,-1.71,,100.61,61.98,-37.59,-32.98,401.59,-87.86,-187.96,-197.27,-203.27,-198.13,,-83.71,1.17,-5.36,-4.71,0.1,2.9,0.81,1.67,-1.23,3607000,-0.85,-3153000.0,0.74
NEPTIS,NEPTIS,8.57,15.17,3.49,37.25,60.82,2.14,4.12,31.59,15.89,8.18,119.55,1.97,24.13,29.05,40.73,13.6,6.77,5.74,7.59,6.87,,16.04,0.22,0.65,,,,,0.26,0.52,-5029000,-1.02,-10451000.0,-2.11
NEUCA,NEUCA,252.19,2.91,32.13,22.87,2816.94,0.26,58.94,12.47,-116.83,,808.14,0.29,9.42,13.71,12.74,2.68,2.09,1.14,2.09,1.69,11.46,4.91,0.74,3.52,0.28,2.1,0.76,0.27,1.15,0.68,3842593000,9.84,332735000.0,0.85
NEWAG,NEWAG,20.73,3.1,3.55,18.08,38.68,1.66,4.77,13.47,9.3,6.9,63.13,1.63,10.62,13.25,17.13,8.45,12.32,9.18,14.4,11.78,22.81,11.34,0.51,1.03,0.14,3.52,2.06,0.56,0.7,1.26,708306000,2.65,-48045000.0,-0.18
NANOGROUP,NNG,0.42,7.3,-0.18,,0.0,782.24,-0.18,,0.08,39.49,2.9,745.43,-16.2,-16.1,-42.47,-31.1,-4629.6,-4550.4,-4470.4,-4614.4,-4468.8,-31.64,0.23,0.31,0.24,0.26,1.43,0.91,0.63,0.73,-1737000,0.3,-4602000.0,0.8
NOVITA,NOVITA,51.16,2.18,9.4,11.87,81.36,1.37,11.51,9.69,6.29,17.72,113.35,1.39,8.42,9.85,18.36,13.76,14.14,11.55,13.92,13.95,26.59,16.85,0.25,0.33,0.13,6.78,1.29,0.85,0.73,0.83,42311000,1.26,4637000.0,0.14
NTCAPITAL,NTC,1.68,0.46,0.17,4.64,0.0,1391.97,-0.15,,0.78,0.99,0.78,1415.84,-5.12,-5.12,9.91,6.85,-27675.0,30025.0,-4275.0,37512.5,,-6.32,0.03,0.05,,,,,0.09,0.1,-11087000,5.01,191000.0,-0.09
NTTSYSTEM,NTT,16.03,0.55,1.55,5.75,103.93,0.09,2.16,4.1,11.54,0.77,6.19,0.06,2.79,2.86,9.64,4.87,2.08,1.49,2.01,1.85,7.13,6.82,0.49,0.98,0.0,63.25,3.57,0.51,0.58,2.06,180295000,5.87,-37191000.0,-1.21
NOVAVISGR,NVG,0.11,15.71,-0.12,,0.03,54.35,-0.12,,-0.63,,1.64,54.15,-14.32,-14.15,-111.34,-12.74,-382.69,-385.14,-370.08,-403.95,,-12.66,0.85,7.45,,,,,5.11,0.7,25273000,-6.29,-209000.0,0.05
08OCTAVA,OCTAVA,0.91,0.97,-0.23,,0.03,30.34,-0.24,,-0.19,,1.43,49.04,-6.0,-6.0,-25.36,-14.33,-817.55,-795.43,-376.44,-879.81,,-14.73,0.43,0.75,0.31,,1.07,0.74,1.37,1.12,27660000,-2.71,23332000.0,-2.29
ODLEWNIE,ODLEWNIE-POLSKIE,7.54,1.24,0.56,16.56,11.16,0.84,0.73,12.76,4.1,2.28,7.48,0.67,5.91,10.24,7.47,5.73,6.54,5.04,5.02,6.22,13.77,7.44,0.18,0.23,,,,,0.3,0.57,-1918000,-0.08,-37015000.0,-1.45
ONDE,OND,6.46,1.81,0.13,87.29,14.52,0.8,0.37,31.7,2.15,5.43,12.27,0.85,21.64,33.3,2.07,1.02,2.54,0.92,3.05,1.47,11.35,2.82,0.51,1.03,0.41,0.81,2.12,0.7,0.76,1.13,273072000,8.83,32113000.0,1.04
ONESANO,ONO,0.12,7.85,-0.09,,0.16,6.14,-0.09,,0.12,8.37,0.96,6.06,-10.86,-10.11,-73.17,-50.31,-59.93,-57.25,-58.96,-55.22,44.32,-52.67,0.15,0.22,0.0,27.95,4.21,0.69,0.19,0.65,750000,-0.13,-877000.0,0.15
ORCOGROUP,OPG,4.76,0.81,0.34,11.22,0.55,7.01,0.08,47.4,-12.76,,17.61,31.96,144.54,216.17,7.23,1.65,14.78,62.48,20.32,59.4,25.89,0.39,0.72,3.16,2.82,0.0,0.98,0.87,6.52,1.68,16988905858,106.11,18068234909.0,112.85
OPONEO.PL,OPONEO-PL,24.28,3.85,7.5,12.45,192.48,0.49,10.89,8.58,2.91,32.06,112.11,0.58,8.29,10.3,30.89,8.61,5.66,3.9,5.8,5.14,22.8,12.5,0.67,2.41,0.32,1.89,1.24,0.37,0.95,0.9,605298000,3.98,210251000.0,1.38
ORANGEPL,ORANGE,10.5,0.83,0.67,13.11,9.76,0.9,1.05,8.32,-6.64,,14.0,1.44,4.61,13.3,6.36,3.31,10.79,6.85,8.03,8.43,,5.22,0.48,0.92,0.61,1.55,0.98,0.84,3.18,1.95,12181000000,3.06,6884000000.0,1.73
PKNORLEN,ORLEN,128.89,0.53,2.57,26.49,246.51,0.28,9.0,7.56,-31.28,,77.26,0.31,3.68,8.59,1.99,1.14,3.65,1.04,8.46,3.41,15.38,4.01,0.42,0.74,0.34,3.1,1.07,0.77,1.49,1.19,89150000000,3.65,10676000000.0,0.44
OTLOG,OT-LOGISTICS,10.2,1.61,-1.39,,23.94,0.69,0.08,198.72,-33.6,,49.64,2.07,12.6,601.49,-13.63,-2.84,0.34,-5.81,-2.87,-6.98,9.08,0.17,0.79,3.8,2.96,1.31,0.92,0.82,7.51,1.75,505782000,9.8,435387000.0,8.44
OTMUCHOW,OTMUCHOW,4.19,1.0,0.2,20.43,10.31,0.41,0.47,8.95,-0.68,,5.58,0.54,6.84,11.95,4.88,2.41,4.53,1.99,3.18,2.59,18.49,5.49,0.46,0.94,0.09,12.16,0.87,0.54,1.21,0.97,112460000,4.55,42447000.0,1.72
PAMAPOL,PAMAPOL,4.39,0.59,-0.51,,25.71,0.1,-0.27,,-6.25,,9.76,0.38,20.11,-35.64,-11.54,-2.69,-1.07,-1.97,-0.89,-2.94,19.32,-1.45,0.76,3.28,0.84,2.71,0.76,0.43,1.77,0.73,487192000,28.87,248966000.0,14.75
PANOVA,PANOVA,50.75,0.29,2.52,5.82,30.17,0.49,5.08,2.9,-22.27,,42.68,1.41,7.48,8.41,4.97,2.64,16.83,8.37,17.07,11.22,20.6,5.31,0.47,0.89,0.67,0.13,1.16,0.88,1.98,1.38,394346000,6.91,279812000.0,4.9
PASSUS,PAS,10.13,3.24,8.56,3.83,61.53,0.53,8.15,4.02,6.83,4.8,25.0,0.41,2.86,3.07,84.47,38.11,13.24,13.91,13.09,13.0,,36.27,0.5,1.1,0.02,4.15,2.33,0.46,0.62,1.42,2906000,0.19,-13939000.0,-0.89
PATENTUS,PATENTUS,5.74,0.57,0.34,9.54,3.67,0.88,0.22,14.46,2.6,1.25,3.29,0.89,5.8,14.63,5.93,4.8,6.11,9.27,5.4,8.91,20.33,3.17,0.19,0.23,0.08,6.23,1.96,0.88,0.34,0.61,-12050000,-0.72,1134000.0,0.07
PCCEXOL,PCC-EXOL,2.77,0.84,0.22,10.67,5.72,0.41,0.35,6.59,-1.03,,3.85,0.67,8.45,10.88,7.88,3.88,6.18,3.82,6.28,4.53,17.52,6.29,0.51,1.03,0.51,1.4,1.1,0.75,1.56,1.14,475963000,6.0,264357000.0,3.33
PCFGROUP,PCF,6.78,1.92,-4.94,,5.47,2.38,-5.73,,0.29,44.39,13.61,2.49,-2.79,-2.38,-72.77,-48.27,-104.74,-90.29,-13.31,-105.95,19.08,-56.01,0.33,0.49,0.09,1.6,1.12,0.72,0.92,0.94,85963000,-0.49,21971000.0,-0.13
PEKABEX,PEKABEX,21.26,0.87,1.16,15.94,72.99,0.25,2.22,8.32,3.48,5.31,24.96,0.34,7.22,11.22,5.46,2.03,3.05,1.59,1.71,2.03,8.98,3.89,0.61,1.64,0.32,2.39,1.49,0.49,0.91,1.03,713644000,8.31,160490000.0,1.87
PEKAO,PEKAO,129.5,1.36,24.94,7.05,87.53,2.01,31.84,5.52,,,,,,,19.26,1.96,36.38,28.5,,,,2.51,0.9,8.81,,,,,,,150492000000,16.56,,
PEPEES,PEPEES,1.74,0.49,-0.11,,2.69,0.32,-0.01,,-0.09,,1.84,0.68,13.26,-155.18,-6.09,-3.21,-0.44,-3.94,-0.79,-3.42,20.19,-0.36,0.47,0.89,0.23,4.49,1.15,0.65,1.06,1.0,118510000,8.99,93408000.0,7.09
PGE,PGE,21.04,0.38,-0.73,,28.88,0.27,0.8,9.96,-12.89,,10.67,0.37,1.71,13.4,-3.47,-1.57,2.76,-2.53,1.11,1.66,5.4,1.71,0.54,1.19,0.5,2.95,0.92,0.68,2.05,1.25,50675000000,3.62,6141000000.0,0.44
PMPG,PGM,2.32,0.92,-0.78,,3.1,0.69,-0.67,,0.57,3.74,1.87,0.6,-3.19,-2.77,-33.55,-24.47,-21.8,-25.13,-20.44,-28.13,39.27,-21.23,0.25,0.34,0.06,1.2,1.35,0.77,0.58,0.73,2561000,-0.42,-2807000.0,0.46
PHARMENA,PHARMENA,1.07,4.26,-0.18,,0.06,78.02,-0.27,,0.92,4.95,4.5,77.07,-17.34,-16.77,-16.65,-15.44,-459.45,-305.07,-451.77,-369.89,75.12,-23.26,0.07,0.08,0.01,1.64,7.26,0.94,0.08,0.59,-9158000,3.16,-618000.0,0.21
PHOTON,PHOTON,4.13,0.88,-1.11,,6.54,0.56,-0.17,,-10.96,,15.21,2.33,27.32,-88.82,-26.88,-5.95,-2.62,-16.97,23.42,-16.41,,-0.92,0.78,3.52,2.9,0.96,1.07,0.86,4.06,1.11,830202909,24.36,708982775.0,20.8
PKOBP,PKO,44.3,1.7,7.78,9.66,31.58,2.38,10.6,7.09,,,,,,,17.57,1.83,33.57,24.65,,,,2.49,0.9,8.6,,,,,,,240393000000,16.22,,
PKPCARGO,PKPCARGO,15.56,1.05,-52.32,,93.95,0.17,-58.39,,-96.11,,70.24,0.75,12.48,-1.2,-336.22,-36.99,-62.15,-55.69,-52.92,-66.51,,-41.28,0.89,8.09,3.28,1.86,0.6,0.47,4.23,0.59,5081200000,20.16,2411500000.0,9.57
PLAYWAY,PLAYWAY,66.84,4.11,24.89,11.05,50.51,5.44,27.29,10.08,62.3,4.41,254.56,5.04,9.24,9.33,37.25,28.62,54.03,49.29,56.88,66.48,,31.37,0.08,0.11,0.07,0.07,4.06,0.82,0.1,0.38,-255123000,-1.4,-134911000.0,-0.74
PLAZACNTR,PLAZACNTR,23.63,0.48,-30.02,,16.29,0.69,-19.59,,-170.23,,175.8,10.79,-9.0,-8.98,-127.02,-14.44,-120.24,-184.28,40.49,-181.46,66.26,-9.42,0.89,7.8,4.89,,0.72,0.67,13.15,1.6,1206340744,-9.0,1128120000.0,-8.42
PEP,POLENERGIA,55.99,1.22,2.64,25.93,55.9,1.22,5.1,13.41,-22.16,,87.28,1.56,11.87,17.12,4.71,2.47,9.12,4.72,9.48,6.4,16.78,4.77,0.48,0.91,0.75,1.05,1.25,0.92,1.77,1.27,2176588000,3.83,1458132000.0,2.57
POLICE,POLICE,4.77,1.96,-0.57,,20.13,0.47,-0.22,,-13.85,,16.32,0.81,20.81,-75.65,-11.86,-1.95,-1.07,-2.81,-5.44,-2.95,4.54,-0.74,0.84,5.08,0.98,2.38,0.51,0.33,2.33,0.6,2661195000,27.32,864257000.0,8.87
POLIMEXMS,POLIMEX,2.5,1.21,-1.25,,12.62,0.24,-1.41,,-1.2,,1.63,0.13,-1.35,-1.16,-49.91,-11.62,-11.21,-9.87,-10.85,-11.93,-6.68,-13.2,0.77,3.3,0.3,2.76,0.88,0.3,1.17,0.79,1552496000,-5.17,-341332000.0,1.14
PHN,POLSKI-HOLDING-NIERUCHOMOSCI,43.18,0.25,0.56,19.47,17.69,0.62,1.6,6.85,-34.02,,43.23,2.44,27.4,27.03,1.3,0.6,9.04,3.18,0.43,9.76,8.48,1.72,0.53,1.14,0.84,0.1,1.02,0.85,3.21,1.79,2176000000,26.93,1653100000.0,20.46
POLWAX,POLWAX,0.94,1.41,-0.35,,2.8,0.48,-0.26,,0.96,1.39,1.32,0.47,-6.12,-5.06,-37.42,-18.43,-9.31,-12.65,-3.6,-11.76,10.03,-13.56,0.24,0.49,0.01,39.77,2.94,0.5,0.33,0.62,27253000,-2.05,-813000.0,0.06
PRAGMAINK,PRI,5.91,0.64,-0.19,,1.06,3.6,-0.36,,0.36,10.68,4.41,4.18,-24.24,-12.2,-3.2,-2.04,-34.23,-17.9,-32.19,-18.88,,-3.9,0.36,0.57,0.12,1.02,1.19,0.71,0.9,0.96,-630000,0.94,2231000.0,-3.33
PROCHEM,PROCHEM,17.2,1.56,-14.5,,57.59,0.47,-12.17,,-12.07,,41.33,0.72,-4.69,-3.4,-84.33,-24.29,-21.12,-25.18,-12.8,-24.69,3.51,-20.38,0.7,2.42,0.97,1.16,1.12,0.57,1.41,0.8,73233000,-4.15,29135000.0,-1.65
PJPMAKRUM,PROJPRZEM,27.3,0.58,2.33,6.74,75.56,0.21,2.9,5.42,6.32,2.49,32.17,0.43,7.23,11.11,8.54,3.53,3.83,3.08,3.91,3.71,20.79,4.39,0.59,1.42,0.14,3.03,1.48,0.47,0.86,1.12,128430000,4.82,98559000.0,3.7
POLTREG,PTG,13.69,2.56,-4.47,,0.05,652.88,-4.75,,2.35,14.88,27.92,520.87,-7.66,-5.88,-32.61,-21.51,-8865.2,-8331.2,-11003.6,-8331.2,,-22.88,0.34,0.52,0.33,2.46,1.61,0.88,0.75,0.91,-7733000,0.45,-33003000.0,1.94
PTWP,PTWP,18.56,3.42,4.82,13.17,85.08,0.75,8.66,7.33,12.42,5.11,43.97,0.52,4.37,5.08,25.97,11.38,10.18,5.67,10.56,10.59,,20.44,0.56,1.28,0.1,2.49,3.31,0.48,0.66,1.99,3282000,0.26,-24163000.0,-1.94
PURE,PUR,-3.3,,-3.87,,0.81,13.84,-2.09,,-3.36,,14.68,18.13,-7.09,-7.01,117.46,-678.82,-258.72,-478.3,-260.32,-281.69,,-367.18,6.78,-1.17,-0.01,1.3,-48.56,-5.72,7.68,-377.28,15555000,-1.84,14195000.0,-1.68
PZU,PZU,39.44,1.42,6.77,8.27,72.5,0.77,28.47,1.97,31.69,1.77,57.16,0.79,1.89,2.01,17.17,1.15,39.27,9.34,35.62,26.17,,4.84,0.86,12.88,,,,,0.94,0.76,212615000000,8.14,1000000000.0,0.04
QNATECHNO,QNA,4.65,6.02,-4.48,,0.4,69.57,-4.5,,3.2,8.75,23.15,57.51,-5.31,-5.15,-96.45,-55.64,-1117.59,-1114.09,-1111.27,-1117.25,,-55.81,0.23,0.4,,,,,0.37,0.57,-6582000,0.68,-10698000.0,1.11
QUANTUM,QUANTUM-SOFTWARE,14.77,1.35,3.89,5.12,41.08,0.48,4.15,4.79,12.6,1.58,15.05,0.37,3.18,3.62,26.31,17.47,10.11,9.46,9.94,10.36,28.64,18.67,0.31,0.47,0.05,2.91,5.84,0.7,0.36,1.98,-4026000,-0.62,-6620000.0,-1.02
QUERCUS,QUERCUS,2.35,4.05,0.88,10.79,3.1,3.07,1.43,6.64,1.4,6.81,7.33,2.37,4.88,5.11,37.49,22.65,46.31,28.47,36.37,36.64,72.6,36.84,0.36,0.6,0.04,1.36,2.26,0.63,0.5,1.09,-57941000,-0.74,-114163000.0,-1.46
RAEN,RAE,0.09,3.91,-0.1,,-0.02,,-0.1,,0.08,4.53,0.37,,-3.88,-3.64,-106.93,-62.81,478.55,472.14,482.68,540.04,,-63.67,0.41,0.7,0.09,1.35,7.92,0.64,0.45,3.26,1514000,-0.21,273000.0,-0.04
RAFAKO,RAFAKO,-8.4,,-4.97,,-1.22,,-3.9,,-9.23,,1.33,,-0.34,-0.34,59.21,-420.49,320.32,408.41,219.48,411.14,203.16,-329.79,8.12,-1.14,-0.08,0.79,-9.55,-6.54,25.74,-266.96,1521027000,-2.44,143411000.0,-0.23
RAFAMET,RAFAMET,4.87,2.47,-8.86,,13.56,0.88,-9.0,,-10.57,,23.09,1.7,-3.11,-2.57,-182.03,-25.3,-66.34,-65.29,-41.26,-74.5,-2.02,-25.71,0.86,6.19,1.48,2.07,0.78,0.35,1.54,0.49,159660000,-3.99,59712000.0,-1.49
RAINBOW,RAINBOW-TOURS,30.28,4.79,20.79,6.98,289.74,0.5,25.94,5.59,5.03,28.82,132.27,0.46,4.8,5.1,68.64,24.64,8.95,7.17,9.19,8.95,18.45,30.75,0.61,1.69,0.16,5.51,1.24,0.42,0.91,0.98,434664000,1.09,-185179000.0,-0.46
RANKPROGR,RANK-PROGRESS,14.08,0.31,-0.49,,1.77,2.49,0.05,80.87,-3.26,,9.97,5.64,112.79,183.26,-3.5,-2.16,3.08,-27.81,8.56,-14.23,,0.24,0.38,0.62,0.33,0.02,1.08,0.82,1.6,1.3,261361000,79.51,207124000.0,63.01
RAWLPLUG,RAWLPLUG,21.57,0.82,1.5,11.72,36.31,0.48,3.09,5.69,-1.29,,33.21,0.91,6.9,10.74,6.96,3.02,8.52,4.14,9.18,6.47,38.2,6.22,0.52,1.2,0.44,1.79,1.24,0.63,1.05,0.91,724401000,4.85,484849000.0,3.24
RELPOL,RELPOL,9.85,0.54,-0.81,,10.96,0.48,-0.75,,2.55,2.08,7.36,0.67,-120.06,-9.86,-8.21,-5.88,-6.81,-7.38,-7.22,-7.21,10.55,-5.43,0.28,0.4,0.15,3.67,1.56,0.83,0.61,0.82,36911000,-62.67,19786000.0,-33.59
REMAK,REMAK,25.39,0.54,0.97,14.09,78.39,0.17,2.08,6.57,17.18,0.8,6.88,0.09,2.1,3.3,3.83,1.71,2.66,1.24,3.85,1.91,12.62,3.67,0.39,0.88,0.03,17.81,2.04,0.46,0.57,0.83,46525000,4.73,-20446000.0,-2.08
REINO,RNC,0.18,6.37,-0.14,,0.43,2.69,-0.01,,-0.19,,1.34,3.14,156.24,-202.86,-76.49,-29.27,-1.55,-32.3,0.62,-31.34,,-1.4,0.62,1.61,1.21,0.21,1.09,0.85,2.81,1.38,20637000,29.27,15910000.0,22.57
RENDER,RND,39.29,2.04,5.74,13.94,15.76,5.08,7.83,10.21,28.34,2.82,54.03,3.43,4.66,6.9,14.61,13.94,49.71,36.41,49.04,46.33,67.19,19.04,0.02,0.02,,,,,0.02,0.08,-27069000,-2.18,-27833000.0,-2.24
PCCROKITA,ROKITA,70.32,1.05,6.53,11.29,98.92,0.75,9.38,7.86,-16.34,,92.89,0.94,5.23,9.91,9.28,5.1,9.48,6.6,4.78,7.63,19.32,7.32,0.45,0.82,0.48,2.22,1.2,0.81,1.4,1.13,888769000,2.52,380934000.0,1.08
ROPCZYCE,ROPCZYCE,64.07,0.35,1.3,17.07,66.32,0.33,3.09,7.17,17.89,1.24,26.92,0.41,4.62,8.7,2.03,1.41,4.67,1.96,3.75,3.3,16.27,3.34,0.31,0.44,0.16,3.61,1.61,0.8,0.61,0.85,148500000,4.07,29516000.0,0.81
RYVU,RVU,5.17,5.41,-5.07,,4.22,6.63,-5.94,,1.09,25.63,24.65,5.84,-4.48,-4.15,-98.08,-36.83,-140.74,-120.23,-130.09,-119.94,,-43.11,0.62,1.66,1.07,0.55,2.63,0.78,0.89,1.12,16811000,-0.13,-77524000.0,0.61
SANTANDER,SANTANDER,28.01,0.59,2.98,5.59,32.66,0.51,4.26,3.91,,,,,,,10.63,0.62,13.03,9.11,,,,0.88,0.94,16.24,,,,,,,5270863000000,63.7,,
SANWIL,SANWIL-HOLDING,3.89,0.39,0.02,89.76,1.61,0.94,-0.08,,2.49,0.61,0.97,0.6,-64.43,-12.74,0.44,0.35,-4.72,1.05,-6.62,2.42,21.98,-1.57,0.2,0.25,0.09,3.71,3.04,0.88,0.28,0.78,-24996000,103.72,-8799000.0,36.51
SCPFL,SCP,49.65,3.91,22.47,8.63,0.04,4519.92,27.2,7.13,42.75,4.54,152.43,3551.43,5.48,5.6,45.26,37.62,63376.07,52363.25,-30214.53,69417.95,,45.53,0.17,0.2,0.12,0.51,8.07,0.93,0.19,1.37,-110729000,-1.46,-113313000.0,-1.5
SECOGROUP,SECO-WARWICK,26.22,1.06,2.35,11.81,71.76,0.39,3.08,9.02,3.67,7.57,30.02,0.42,5.95,9.73,8.98,3.55,4.3,3.28,4.59,3.6,21.06,4.65,0.6,1.52,0.25,2.1,1.44,0.49,0.92,1.05,309823000,6.15,22167000.0,0.44
SEKO,SEKO,14.67,0.63,1.33,6.91,35.11,0.26,1.42,6.46,1.94,4.73,8.31,0.24,3.23,5.84,9.06,5.99,4.05,3.79,3.73,4.53,17.0,6.41,0.28,0.43,0.09,8.35,1.23,0.72,0.76,0.8,36041000,2.11,-5799000.0,-0.34
SELENAFM,SELENA-FM,32.91,1.08,3.78,9.36,77.84,0.45,6.41,5.52,4.17,8.48,43.89,0.56,5.22,6.85,11.49,5.97,8.24,4.86,8.18,6.04,33.85,10.12,0.48,0.92,0.28,2.03,1.45,0.66,0.88,1.0,582510000,3.04,193915000.0,1.01
SFINKS,SFINKS,-2.06,,-0.19,,1.77,0.27,0.06,8.67,-3.83,,4.16,2.34,16.28,75.16,9.32,-8.45,3.12,-10.81,2.26,-10.27,28.85,2.44,1.91,-2.1,-1.56,0.28,0.65,0.51,8.72,-10.12,163445000,16.86,139617000.0,14.4
SHOPER,SHO,3.02,13.3,1.41,28.57,7.12,5.65,1.69,23.79,-0.55,,39.12,5.49,16.92,23.15,46.57,23.46,23.73,19.76,24.62,24.82,,28.17,0.5,0.98,0.26,1.02,1.06,0.63,1.23,1.04,34078000,0.52,-30484000.0,-0.47
SIMFABRIC,SIM,1.36,1.36,-0.09,,0.93,1.99,0.01,186.34,0.91,2.02,1.6,1.72,6.33,161.6,-6.59,-4.41,1.07,-9.66,2.53,-5.28,,0.49,0.21,0.32,0.13,0.0,2.26,0.76,0.32,0.64,-1020000,-0.37,-2672000.0,-0.97
SKARBIEC,SKARBIEC-HOLDING,30.45,0.77,4.38,5.33,15.27,1.53,3.91,5.95,22.25,1.05,5.9,0.39,1.26,1.51,14.37,12.97,25.62,28.64,25.02,32.3,31.7,11.6,0.1,0.11,0.0,2.1,3.73,0.91,0.13,0.48,-135841000,-4.25,-118635000.0,-3.71
SKYLINE,SKYLINE-INVESTMENT,2.68,0.68,0.0,467.7,0.07,26.84,-0.0,,-0.57,,1.85,27.27,386.18,-2883.46,0.15,0.12,-0.95,5.74,-75.35,11.1,25.91,-0.02,0.18,0.22,0.19,0.03,0.98,0.97,37.27,30.71,13593000,121.37,691000.0,6.17
SELVITA,SLV,17.34,2.27,-0.27,,19.6,2.01,0.1,385.35,-10.52,,49.77,2.54,16.21,488.06,-1.56,-0.78,0.52,-1.38,0.55,-2.32,,0.3,0.5,0.99,0.6,1.64,1.0,0.81,2.59,1.61,298895000,5.3,192272000.0,3.41
SNIEZKA,SNIEZKA,30.3,2.91,5.55,15.89,63.28,1.39,8.35,10.56,-11.14,,106.09,1.68,9.35,12.7,18.32,8.63,13.2,8.77,13.49,11.0,49.56,12.99,0.5,1.07,0.56,2.26,1.09,0.73,1.53,1.07,380462000,2.66,225679000.0,1.58
SANOK,SNK,21.03,1.0,1.8,11.67,54.31,0.39,2.19,9.56,-1.83,,29.71,0.55,5.76,13.56,8.54,3.81,4.03,3.31,3.84,3.78,21.29,4.65,0.53,1.19,0.65,1.32,1.44,0.73,1.08,0.95,580010000,4.19,235539000.0,1.7
SONEL,SONEL,8.9,1.97,1.42,12.36,18.47,0.95,1.92,9.16,4.79,3.67,15.98,0.86,5.92,8.33,15.96,10.59,10.38,7.69,9.24,10.19,22.38,14.29,0.28,0.42,0.05,5.01,1.93,0.7,0.44,0.81,23381000,0.62,-22045000.0,-0.58
SANPL,SPL,357.76,1.55,52.66,10.53,226.15,2.45,72.36,7.66,,,,,,,14.72,1.72,32.0,23.29,,,,2.36,0.88,7.58,,,,,,,161049284000,20.09,,
SPYROSOFT,SPR,118.29,3.68,36.54,11.91,458.6,0.95,45.86,9.49,92.83,4.69,407.59,0.89,7.18,8.89,30.89,15.14,10.0,7.97,9.95,9.72,31.94,19.0,0.35,0.71,0.11,2.04,2.05,0.54,0.48,0.88,35519000,0.57,-29957000.0,-0.48
STALEXP,STALEXPORT-AUTOSTRADY,3.39,1.12,0.55,6.89,2.39,1.59,0.74,5.13,1.42,2.68,0.83,0.35,0.72,1.11,16.27,10.43,31.03,23.11,31.6,34.43,67.42,14.01,0.35,0.55,0.16,0.23,1.96,0.74,0.57,0.96,-281143000,-0.99,-735594000.0,-2.58
STALPROD,STALPRODUKT,675.77,0.38,9.83,26.36,735.01,0.35,10.8,23.99,306.14,0.85,108.48,0.15,2.44,10.05,1.45,1.1,1.47,1.34,1.67,2.06,8.38,1.21,0.22,0.29,0.12,4.73,1.93,0.84,0.39,0.68,71873000,0.3,-812737000.0,-3.38
STALPROFI,STALPROFIL,28.83,0.31,0.6,14.59,110.17,0.08,1.5,5.88,14.37,0.61,16.67,0.15,6.37,11.15,2.09,0.79,1.36,0.55,1.24,0.98,7.33,1.97,0.54,1.43,0.09,6.67,1.55,0.41,0.74,1.05,658371000,14.38,137748000.0,3.01
STAPORKOW,STAPORKOW,2.96,1.06,0.41,7.66,7.37,0.43,0.49,6.42,0.63,4.97,3.11,0.42,4.43,6.36,13.86,7.16,6.63,5.56,6.58,5.45,21.91,8.54,0.42,0.81,0.06,12.53,1.3,0.55,0.79,0.87,15428000,3.38,-201000.0,-0.04
SATIS,STS,-19.54,,-18.93,,0.0,,-18.92,,-19.54,,0.41,,-0.02,-0.02,96.87,-10310.26,,,,,,-10307.02,107.43,-1.01,-0.01,,,-105.67,107.43,,274265000,-1.04,2258000.0,-0.01
SUNEX,SUNEX,4.28,1.65,-0.83,,9.78,0.72,-0.72,,-3.79,,12.73,1.3,-217.36,-17.61,-19.44,-6.21,-7.39,-8.5,-7.95,-10.25,19.53,-5.4,0.68,2.13,0.8,1.6,0.96,0.58,1.71,0.91,201641000,-154.4,126723000.0,-97.03
SNTVERSE,SVE,1.71,2.7,0.1,44.15,1.01,4.59,0.17,27.22,-1.87,,5.69,5.65,18.26,33.54,6.12,2.48,16.85,10.39,14.98,13.93,63.16,4.02,0.6,1.47,1.11,1.81,1.01,0.85,3.92,1.87,177717000,8.06,75835000.0,3.44
SILVAIR-REGS,SVRS,1.86,1.63,-0.03,,0.72,4.22,0.01,296.19,-1.04,,3.84,5.33,8.98,373.84,-1.5,-0.88,1.43,-3.89,-1.1,-3.05,45.75,0.32,0.41,0.7,0.48,0.0,0.95,0.87,5.0,3.2,21551201,2.88,13973309.0,1.86
SYGNITY,SYGNITY,12.86,5.83,2.8,26.83,13.35,5.62,3.12,24.03,3.14,23.89,69.94,5.24,18.47,22.41,21.73,15.69,23.39,20.95,21.63,24.44,41.47,17.52,0.28,0.38,0.03,1.25,1.36,0.74,0.61,0.81,-19501000,-0.23,-115141000.0,-1.34
SYNEKTIK,SYNEKTIK,19.59,10.98,9.76,22.03,69.52,3.09,13.6,15.8,1.11,193.23,212.54,3.06,13.45,15.62,49.82,21.89,19.57,14.04,19.74,19.08,33.55,30.52,0.56,1.28,0.32,1.7,1.4,0.58,0.96,1.02,155266000,1.15,-21006000.0,-0.16
TALEX,TALEX,16.54,1.35,-0.11,,23.86,0.94,0.03,884.24,0.27,81.95,22.53,0.94,19.27,889.53,-0.67,-0.49,0.11,-0.46,-1.0,-0.42,24.55,0.11,0.17,0.24,0.06,19.5,1.06,0.78,0.93,0.85,9433000,2.69,402000.0,0.11
TARCZYNSKI,TARCZYNSKI,58.11,2.25,9.44,13.82,186.32,0.7,14.41,9.06,-73.53,,202.97,1.09,9.48,14.09,16.25,5.73,7.73,5.07,8.0,5.01,25.14,8.74,0.65,1.84,0.88,2.32,0.83,0.66,3.21,1.42,1192760000,4.91,822313000.0,3.38
TAURONPE,TAURON,10.74,0.46,0.68,7.32,20.38,0.24,1.95,2.53,-11.41,,12.96,0.64,3.92,6.64,6.29,2.43,9.58,3.32,9.04,7.29,13.22,7.03,0.61,1.58,0.88,2.18,0.91,0.73,3.04,1.47,27543000000,4.76,14038000000.0,2.43
TSGAMES,TEN,41.16,2.17,11.83,7.56,59.14,1.51,13.55,6.61,10.5,8.53,64.0,1.08,4.02,4.72,28.74,17.76,22.91,20.01,23.1,21.84,83.83,20.34,0.38,0.62,0.09,0.47,1.46,0.67,0.71,0.95,-27133000,-0.26,-165149000.0,-1.6
TERMOREX,TERMO-REX,0.28,2.43,0.02,37.36,0.17,4.14,0.01,121.48,0.08,8.37,0.64,3.84,69.26,112.65,6.5,5.8,3.41,11.07,9.56,13.84,30.26,1.78,0.11,0.12,0.06,5.66,1.49,0.94,0.3,0.42,-2412000,-2.32,-5651000.0,-5.43
TESGAS,TESGAS,7.33,0.41,-0.39,,6.19,0.49,-0.45,,1.76,1.71,1.57,0.25,-53.39,-3.49,-5.32,-3.94,-7.25,-6.31,-6.35,-7.07,14.43,-4.53,0.25,0.34,0.12,5.59,1.46,0.83,0.59,0.76,1828000,-5.49,-16386000.0,49.21
TENDERHUT,THG,8.5,0.7,-1.66,,20.91,0.29,-0.74,,1.14,5.25,6.77,0.32,-19.72,-9.1,-19.49,-13.19,-3.56,-7.92,2.28,-5.46,,-5.93,0.33,0.49,0.11,0.08,1.3,0.75,0.78,0.92,7238000,-9.2,1818000.0,-2.31
TORPOL,TORPOL,23.49,1.66,2.93,13.35,68.92,0.57,3.41,11.47,13.38,2.92,26.79,0.39,5.88,7.86,12.47,6.18,4.95,4.25,5.25,5.25,8.19,7.2,0.5,1.02,0.19,1.78,2.78,0.59,0.64,1.49,185769000,1.78,-282801000.0,-2.7
TOYA,TOYA,6.75,1.01,1.02,6.65,11.42,0.6,1.31,5.2,5.33,1.28,7.08,0.62,4.48,5.41,15.14,10.42,11.46,8.95,10.58,11.21,34.06,13.33,0.31,0.45,0.04,5.15,4.92,0.71,0.37,1.73,189108000,1.6,20662000.0,0.17
TRAKCJA,TRAKCJA,0.78,2.91,0.08,27.38,4.54,0.5,0.12,18.26,-0.19,,1.92,0.42,9.5,15.47,10.62,2.51,2.74,1.83,2.81,1.69,5.71,3.76,0.76,3.22,0.5,1.3,1.19,0.35,1.08,0.86,835807000,8.94,-159888000.0,-1.71
TRANSPOL,TRANS-POLONIA,6.2,0.48,0.18,16.99,9.62,0.31,0.2,15.07,-0.2,,3.9,0.41,3.81,19.64,2.84,1.67,2.06,1.83,0.8,2.68,7.82,1.88,0.41,0.7,0.34,2.39,1.29,0.79,1.05,1.01,48735000,2.09,20714000.0,0.89
TEXT,TXT,5.3,9.99,6.39,8.28,13.75,3.85,6.89,7.68,1.84,28.8,50.08,3.64,6.4,7.27,120.53,72.53,50.08,46.42,50.06,50.18,79.71,78.24,0.4,0.66,0.05,0.99,1.6,0.63,0.66,1.0,12583000,0.06,-72698000.0,-0.36
ULTGAMES,ULG,4.71,1.94,0.58,15.88,5.58,1.64,0.95,9.57,5.51,1.66,7.78,1.4,7.99,8.15,12.22,9.92,17.12,10.32,17.14,12.93,,16.46,0.02,0.02,0.02,0.47,28.39,0.83,0.02,0.47,-6624000,-1.3,-7116000.0,-1.4
ULMA,ULMA-CONSTRUCCION,63.8,0.96,2.82,21.8,43.48,1.41,3.61,17.02,-3.18,,64.34,1.48,4.61,17.8,4.42,3.49,8.31,6.49,9.29,8.17,21.44,4.47,0.21,0.27,0.09,11.45,1.04,0.86,1.23,1.17,80222000,1.09,14915000.0,0.2
UNFOLD,UNF,1.81,0.77,-0.51,,0.19,7.29,-0.51,,0.25,5.46,1.18,6.18,-2.34,-2.33,-28.33,-28.11,-264.97,-268.74,-262.37,-265.26,,-27.71,0.01,0.01,0.0,0.23,1.17,1.0,0.05,0.06,-7698000,0.5,-6418000.0,0.42
UNIBEP,UNIBEP,4.89,1.89,0.03,323.41,73.59,0.13,2.11,4.38,-4.37,,17.46,0.24,5.82,8.27,0.58,0.06,2.87,0.04,3.06,1.45,7.38,4.11,0.83,8.69,2.45,0.35,1.27,0.33,1.11,0.41,1271326000,12.08,288261000.0,2.74
UNICREDIT,UNICREDIT,177.2,1.23,27.28,7.96,0.0,,36.18,6.0,,,,,,,15.39,1.27,,,,,,1.69,0.92,11.11,,,,,,,1872374744100,30.89,,
UNIMOT,UNIMOT-GAZ,140.67,1.13,13.73,11.57,1777.02,0.09,24.11,6.59,-44.99,,252.0,0.14,6.11,10.45,9.76,3.33,1.36,0.77,1.33,1.04,5.95,5.84,0.66,1.93,0.55,1.8,1.17,0.53,1.2,0.91,2002099000,5.92,764011000.0,2.26
URTESTE,URT,16.7,5.11,-2.16,,0.0,,-2.48,,6.61,12.92,85.54,,-36.87,-34.53,-12.92,-10.23,,,,,,-11.75,0.21,0.26,0.21,0.51,2.01,0.96,0.4,0.66,-1088000,0.33,203000.0,-0.06
VIGOPHOTN,VGO,193.76,2.56,-5.65,,96.63,5.13,-4.84,,-2.57,,505.21,5.23,55.25,-104.29,-2.91,-2.26,-5.01,-5.84,-13.84,-5.37,49.97,-1.94,0.22,0.29,0.16,4.02,1.14,0.9,1.05,1.03,38035000,4.75,8061000.0,1.01
VINDEXUS,VINDEXUS,24.36,0.4,2.09,4.69,10.44,0.94,3.75,2.61,20.93,0.47,11.19,1.07,2.94,2.98,8.58,5.63,35.96,20.02,37.98,26.0,48.21,10.11,0.34,0.52,0.39,0.11,9.77,0.91,0.38,2.65,50207000,1.13,16295000.0,0.37
VIVID,VIVID-GAMES,0.17,4.2,-0.01,,0.32,2.19,-0.01,,-0.07,,0.71,2.22,17.61,-135.27,-5.4,-3.31,-1.64,-2.82,-5.2,-2.67,,-1.93,0.39,0.63,0.19,0.05,0.83,0.73,3.01,2.12,5568000,2.5,463000.0,0.21
VOTUM,VOTUM,30.45,1.07,11.36,2.86,37.76,0.86,14.21,2.28,8.2,3.96,25.98,0.69,1.77,1.83,37.3,21.3,37.62,30.07,40.44,38.09,,26.64,0.42,0.74,0.37,0.28,1.83,0.78,0.73,0.98,148265000,0.84,-77625000.0,-0.44
VOXEL,VOXEL,36.64,3.88,9.66,14.69,53.03,2.68,11.97,11.86,-4.06,,153.42,2.89,9.2,12.82,26.37,16.2,22.57,18.22,23.57,22.54,28.84,20.07,0.38,0.61,0.31,2.69,1.16,0.81,1.22,1.08,200169000,1.14,119926000.0,0.69
VERCOM,VRC,19.06,6.14,3.72,31.48,22.61,5.18,4.45,26.29,-1.12,,116.05,5.13,22.4,26.08,19.51,13.7,19.68,16.44,19.83,19.08,45.56,16.4,0.29,0.42,0.2,0.27,1.13,0.84,1.16,1.09,64896000,0.56,-21061000.0,-0.18
VRG,VRG,4.56,0.8,0.39,9.37,5.93,0.62,0.55,6.71,0.67,5.45,5.52,0.93,4.92,10.12,8.56,5.4,9.19,6.59,8.9,8.4,55.57,7.53,0.37,0.59,0.19,1.89,1.4,0.75,0.8,0.94,614539000,2.34,436102000.0,1.66
WARIMPEX,WARIMPEX,5.57,0.48,-6.75,,3.38,0.8,-0.95,,-11.94,,13.42,3.97,-15.86,-14.13,-121.24,-37.69,-28.12,-199.92,-29.23,-42.12,-12.95,-5.3,0.69,2.21,1.87,0.11,0.91,0.89,31.58,10.04,657734183,-14.39,579101967.0,-12.67
WASKO,WASKO,2.72,0.7,0.08,25.06,5.98,0.32,0.1,19.62,0.85,2.25,0.95,0.16,3.63,9.81,2.8,1.57,1.62,1.27,2.3,2.11,14.37,2.0,0.43,0.77,0.2,2.25,1.7,0.67,0.71,1.01,66794000,2.79,-86875000.0,-3.63
WAWEL,WAWEL,496.28,1.28,48.15,13.17,470.31,1.35,49.05,12.92,267.43,2.37,473.58,1.01,7.01,9.65,9.7,8.24,10.43,10.24,10.33,12.82,28.83,8.4,0.15,0.18,0.03,15.13,2.23,0.87,0.25,0.54,-145390000,-1.43,-240584000.0,-2.37
WIELTON,WIELTON,7.04,0.9,-2.95,,33.83,0.19,-2.21,,-9.1,,17.86,0.53,-24.28,-8.07,-41.89,-9.18,-6.54,-8.72,-6.76,-8.69,7.95,-6.88,0.78,3.56,0.56,2.75,0.68,0.34,1.57,0.68,1432963000,-32.27,693480000.0,-15.62
WIRTUALNA,WIRTUALNA-POLSKA,32.85,2.49,5.01,16.3,53.42,1.53,9.12,8.96,-20.22,,96.58,1.81,6.46,10.59,15.25,6.04,17.08,9.38,18.25,13.6,,10.99,0.59,1.48,0.85,0.12,1.11,0.73,1.71,1.03,1040207000,2.34,443032000.0,1.0
WINVEST,WIS,-0.28,,-0.08,,0.0,119.52,-0.08,,-0.28,,0.3,119.03,-3.93,-3.93,27.83,-597.88,-3029.09,-3076.36,-538.18,-3076.36,,-588.69,22.48,-1.05,,,,,25.15,-5095.47,6335000,-3.8,-27000.0,0.02
WOODPCKR,WPR,2.35,1.77,-0.07,,4.21,0.99,-0.05,,-0.74,,4.24,1.01,5.94,-79.91,-2.83,-1.99,-1.26,-1.58,-0.59,-1.72,,-1.59,0.3,0.42,0.06,1.73,0.81,0.75,3.86,2.94,4225000,1.18,376000.0,0.11
WITTCHEN,WTN,10.32,2.32,1.82,13.17,24.68,0.97,2.65,9.07,1.57,15.29,30.1,1.22,6.9,11.38,17.65,9.43,10.72,7.38,11.24,10.11,61.37,13.69,0.47,0.87,0.25,2.68,1.48,0.67,0.85,1.0,157623000,1.96,112454000.0,1.4
XPLUS,XPLUS,0.32,8.6,0.11,25.44,0.88,3.13,0.13,21.45,0.18,15.46,2.44,2.78,14.12,19.07,33.82,17.75,14.57,12.29,13.49,13.79,,21.05,0.48,0.9,0.08,0.52,2.44,0.57,0.62,1.4,-2154000,-0.18,-21229000.0,-1.77
XTB,XTB,18.66,3.65,6.36,10.71,16.13,4.22,7.66,8.9,18.02,3.78,53.35,3.31,6.81,6.97,34.1,10.02,47.47,39.46,48.19,48.22,,12.06,0.71,2.4,,,,,0.71,20.59,-2092469000,-2.27,-1738733000.0,-1.89
XTPL,XTP,12.54,8.81,-8.9,,5.0,22.06,-8.73,,3.96,27.9,105.31,21.04,-15.55,-12.06,-70.97,-44.53,-174.51,-177.78,-174.38,-177.72,-41.21,-43.71,0.37,0.59,0.29,1.1,1.89,0.81,0.65,0.95,-509000,0.03,-13495000.0,0.75
YARRL,YARRL,4.78,1.66,0.54,14.66,11.09,0.72,0.6,13.19,1.26,6.3,7.85,0.71,10.76,13.02,11.35,7.42,5.43,4.89,5.47,4.96,16.21,8.25,0.35,0.53,0.04,4.32,1.41,0.68,0.67,0.91,13622000,2.69,-715000.0,-0.14
ZABKA,ZAB,1.32,15.66,0.6,34.58,24.45,0.85,1.64,12.63,-12.03,,29.78,1.22,8.77,18.18,45.29,3.45,6.7,2.45,6.74,3.23,11.16,9.46,0.92,12.11,6.57,1.0,0.75,0.58,4.03,0.4,15399000000,4.54,9095000000.0,2.68
PULAWY,ZAKLADY-AZOTOWE-PULAWY,151.23,0.33,-16.24,,192.42,0.26,-8.23,,-78.71,,46.15,0.24,7.39,-5.61,-10.74,-4.39,-4.28,-8.44,-15.26,-7.04,-1.62,-2.22,0.59,1.45,0.16,9.04,0.76,0.47,1.56,1.03,2874416000,24.07,-73528000.0,-0.62
ZAMET,ZAMET-INDUSTRY,0.96,0.84,0.1,8.35,0.65,1.23,0.0,335.76,0.95,0.84,0.28,0.43,11.17,118.27,10.02,9.74,0.37,14.68,-2.55,17.45,21.13,0.24,0.03,0.03,0.0,1.86,150.52,0.98,0.03,4.16,-100385000,-37.46,-55025000.0,-20.53
ZEPAK,ZEPAK,42.5,0.42,4.99,3.56,38.86,0.46,4.56,3.9,-5.94,,10.22,0.26,2.08,2.24,11.75,6.49,11.75,12.85,8.58,11.13,17.68,5.93,0.45,0.81,0.29,2.05,1.13,0.71,1.21,1.06,1336351000,5.35,-384122000.0,-1.54
ZREMB,ZREMB-CHOJNICE,2.37,2.95,0.81,8.64,2.83,2.46,0.27,25.97,-0.85,,7.25,2.56,17.53,26.96,34.12,20.09,9.49,28.53,7.24,35.88,25.7,6.68,0.41,0.7,0.31,2.97,0.96,0.77,2.05,1.51,21799000,3.77,3718000.0,0.64
ZUE,ZUE,8.69,1.13,0.22,45.39,47.04,0.21,0.38,25.77,-0.45,,11.59,0.25,10.77,30.3,2.5,0.74,0.81,0.46,0.76,0.29,4.0,1.3,0.7,2.38,0.46,1.43,1.38,0.43,1.02,0.97,445573000,17.97,39896000.0,1.61
